Preferences,Abigail,Alex,Caroline,Clint,Demetrius,Dwarf,Elliott,Emily,Evelyn,George,Gus,Haley,Harvey,Jas,Jodi,Kent,Krobus,Leah,Lewis,Linus,Marnie,Maru,Pam,Penny,Pierre,Robin,Sam,Sandy,Sebastian,Shane,Vincent,Willy,Wizard
Acorn,1,1,1,1,1,1,1,1,1,1,1,1,1,1,1,1,1,1,1,1,1,1,1,1,1,1,1,1,1,1,1,1,1
Advanced TV Remote,-1,-1,-1,-1,-1,-1,-1,-1,-1,-1,-1,-1,-1,-1,-1,-1,-1,-1,-1,-1,-1,-1,-1,-1,-1,-1,-1,-1,-1,-1,-1,-1,-1
Aerinite,1,1,1,1,1,1,1,1,1,1,1,1,1,1,1,1,1,1,1,1,1,1,1,1,1,1,1,1,1,1,1,1,3
Aged Roe,3,3,3,3,3,3,3,3,3,3,3,3,3,0,3,3,3,3,3,3,3,3,3,3,3,3,3,3,0,3,0,3,3
Alamite,1,1,1,1,1,1,1,1,1,1,1,1,1,1,1,1,1,1,1,1,1,1,1,1,1,1,1,1,1,1,1,1,3
Albacore,1,1,1,1,2,1,2,1,0,1,1,0,1,1,1,1,1,1,1,2,1,1,2,1,0,1,1,1,2,1,1,2,1
Algae Soup,3,3,3,3,3,3,3,3,3,3,3,3,3,3,3,0,1,3,3,3,3,3,3,1,3,3,3,3,3,3,3,1,3
Amaranth,1,3,1,3,3,3,0,3,3,3,3,1,3,1,3,3,3,3,3,3,3,3,3,3,3,3,1,3,3,3,1,3,3
Amaranth Seeds,1,1,1,1,1,1,1,1,1,1,1,1,1,1,1,1,1,1,1,1,1,1,1,1,1,1,1,1,1,1,1,1,1
Amethyst,4,3,3,4,3,4,3,4,3,3,3,3,3,3,3,3,3,1,3,1,3,3,3,3,1,3,3,3,3,3,3,3,3
Amphibian Fossil,0,0,0,0,0,3,0,0,0,0,0,0,0,0,0,0,0,0,0,0,0,0,0,3,0,0,0,0,0,0,0,0,0
Anchor,0,0,0,0,0,3,0,0,0,0,0,0,0,0,0,0,0,0,0,0,0,0,0,3,0,0,0,0,0,0,0,0,0
Anchovy,1,1,1,1,2,1,2,1,0,1,1,0,1,1,1,1,1,1,1,2,1,1,2,1,0,1,1,1,2,1,1,2,1
Ancient Doll,0,0,0,0,0,3,0,0,0,0,0,0,0,0,0,0,0,0,0,0,0,0,0,3,0,0,0,0,0,0,0,0,0
Ancient Drum,0,0,0,0,0,3,0,0,0,0,0,0,0,0,0,0,0,0,0,0,0,0,0,3,0,0,0,0,0,0,0,0,0
Ancient Fruit,1,2,2,2,3,2,3,2,2,2,2,1,3,1,3,3,2,3,2,3,2,2,3,2,2,3,2,3,2,3,1,2,2
Ancient Seed,0,0,0,0,0,3,0,0,0,0,0,0,0,0,0,0,0,0,0,0,0,0,0,3,0,0,0,0,0,0,0,0,0
Ancient Seeds,1,1,1,1,1,1,1,1,1,1,1,1,1,1,1,1,1,1,1,1,1,1,1,1,1,1,1,1,1,1,1,1,1
Ancient Sword,0,0,0,0,0,3,0,0,0,0,0,0,0,0,0,0,0,0,0,0,0,0,0,3,0,0,0,0,0,0,0,0,0
Angler,1,1,1,1,2,1,2,1,0,1,1,0,1,1,1,1,1,1,1,2,1,1,2,1,0,1,1,1,2,1,1,2,1
Apple,3,3,3,3,3,3,3,3,3,3,3,3,3,3,3,3,3,3,3,3,3,3,3,3,3,3,3,3,3,3,3,3,3
Apple Sapling,1,1,1,1,1,1,1,1,1,1,1,1,1,1,1,1,1,1,1,1,1,1,1,1,1,1,1,1,1,1,1,1,1
Apricot,3,3,3,3,3,3,3,3,3,3,3,3,3,3,3,3,3,3,3,3,3,3,3,3,3,3,3,3,3,3,3,3,3
Apricot Sapling,1,1,1,1,1,1,1,1,1,1,1,1,1,1,1,1,1,1,1,1,1,1,1,1,1,1,1,1,1,1,1,1,1
Aquamarine,3,3,3,4,3,4,3,4,3,3,3,3,3,3,3,3,3,1,3,1,3,3,3,3,1,3,3,3,3,3,3,3,3
Arctic Shard,-1,-1,-1,-1,-1,-1,-1,-1,-1,-1,-1,-1,-1,-1,-1,-1,-1,-1,-1,-1,-1,-1,-1,-1,-1,-1,-1,-1,-1,-1,-1,-1,-1
Arrowhead,0,0,0,0,0,3,0,0,0,0,0,0,0,0,0,0,0,0,0,0,0,0,0,3,0,0,0,0,0,0,0,0,0
Artichoke,1,3,3,3,3,3,3,3,3,3,3,1,3,1,3,3,3,3,3,3,3,3,3,3,3,3,1,3,3,3,1,3,3
Artichoke Dip,3,3,3,3,3,3,3,3,3,3,4,3,3,3,3,3,1,3,3,3,3,3,3,3,3,3,3,3,3,3,3,1,3
Artichoke Seeds,1,1,1,1,1,1,1,1,1,1,1,1,1,1,1,1,1,1,1,1,1,1,1,1,1,1,1,1,1,1,1,1,1
Artifact Trove,0,0,0,0,0,0,0,0,0,0,0,0,0,0,0,0,0,0,0,0,0,0,0,0,0,0,0,0,0,0,0,0,0
Autumn's Bounty,3,3,3,3,3,3,3,3,3,3,3,3,3,3,3,3,1,3,4,3,3,3,3,3,3,3,3,3,3,3,3,1,3
Bait,0,0,0,0,0,0,0,0,0,0,0,0,0,0,0,0,0,0,0,0,0,0,0,0,0,0,0,0,0,0,0,0,0
Baked Fish,3,3,3,3,3,3,3,3,3,3,3,3,3,3,3,3,1,3,3,3,3,3,3,3,3,3,3,3,3,3,3,3,3
Banana,-1,-1,-1,-1,-1,-1,-1,-1,-1,-1,-1,-1,-1,-1,-1,-1,-1,-1,-1,-1,-1,-1,-1,-1,-1,-1,-1,-1,-1,-1,-1,-1,-1
Banana Pudding,4,3,3,3,3,3,3,3,3,3,3,3,3,3,3,3,1,3,3,3,3,3,3,3,3,3,3,3,3,3,3,1,3
Banana Sapling,1,1,1,1,1,1,1,1,1,1,1,1,1,1,1,1,1,1,1,1,1,1,1,1,1,1,1,1,1,1,1,1,1
Barbed Hook,1,1,1,1,1,1,1,1,1,1,1,1,1,1,1,1,1,1,1,1,1,1,1,1,1,1,1,1,1,1,1,1,1
Baryte,1,1,1,1,1,1,1,1,1,1,1,1,1,1,1,1,1,1,1,1,1,1,1,1,1,1,1,1,1,1,1,1,3
Basalt,1,1,1,1,1,1,1,1,1,1,1,1,1,1,1,1,1,1,1,1,1,1,1,1,1,1,1,1,1,1,1,1,3
Basic Fertilizer,1,1,1,1,1,1,1,1,1,1,1,1,1,1,1,1,1,1,1,1,1,1,1,1,1,1,1,1,1,1,1,1,1
Basic Retaining Soil,1,1,1,1,1,1,1,1,1,1,1,1,1,1,1,1,1,1,1,1,1,1,1,1,1,1,1,1,1,1,1,1,1
Bat Wing,0,0,0,0,0,0,0,0,0,0,0,0,0,0,0,0,0,0,0,0,0,0,0,0,0,0,0,0,0,0,0,0,0
Battery Pack,1,1,1,1,1,1,1,1,1,1,1,1,1,1,1,1,1,1,1,1,1,4,1,1,1,1,1,1,1,1,1,1,1
Bean Hotpot,3,3,3,3,4,3,3,3,3,3,3,3,3,3,3,3,1,3,3,3,3,3,3,3,3,3,3,3,3,3,3,1,3
Bean Starter,1,1,1,1,1,1,1,1,1,1,1,1,1,1,1,1,1,1,1,1,1,1,1,1,1,1,1,1,1,1,1,1,1
Beer,3,3,3,3,3,3,3,3,3,3,3,3,3,0,3,3,3,3,3,3,3,3,4,0,3,3,3,3,0,4,0,3,3
Beet,1,3,3,3,3,3,3,3,4,3,3,1,3,1,3,3,3,3,3,3,3,3,3,3,3,3,1,3,3,3,1,3,3
Beet Seeds,1,1,1,1,1,1,1,1,1,1,1,1,1,1,1,1,1,1,1,1,1,1,1,1,1,1,1,1,1,1,1,1,1
Berry Basket,-1,-1,-1,-1,-1,-1,-1,-1,-1,-1,-1,-1,-1,-1,-1,-1,-1,-1,-1,-1,-1,-1,-1,-1,-1,-1,-1,-1,-1,-1,-1,-1,-1
Bixite,1,1,1,1,1,1,1,1,1,1,1,1,1,1,1,1,1,1,1,1,1,1,1,1,1,1,1,1,1,1,1,1,3
Blackberry,1,2,2,2,3,2,3,2,2,2,2,1,3,1,3,3,2,3,2,3,2,1,3,2,2,3,2,3,2,3,1,2,2
Blackberry Cobbler,4,3,3,3,3,3,3,3,3,3,3,3,3,3,3,3,1,3,3,3,3,3,3,3,3,3,3,3,3,3,3,1,3
Blobfish,1,1,1,1,2,1,2,1,0,1,1,0,1,1,1,1,1,1,1,2,1,1,2,1,0,1,1,1,2,1,1,2,1
Blue Discus,1,1,1,1,2,1,2,1,0,1,1,0,1,1,1,1,1,1,1,2,1,1,2,1,0,1,1,1,2,1,1,2,1
Blue Jazz,3,3,3,1,3,3,3,3,3,1,3,3,3,3,3,3,3,3,3,3,3,3,3,3,3,3,3,3,1,3,3,3,3
Blue Slime Egg,0,0,0,0,0,0,0,0,0,0,0,0,0,0,0,0,0,0,0,0,0,0,0,0,0,0,0,0,0,0,0,0,0
Blueberry,1,2,2,2,3,2,3,2,2,2,2,1,3,1,3,3,2,3,3,3,2,2,3,2,2,3,2,3,2,3,1,2,2
Blueberry Seeds,1,1,1,1,1,1,1,1,1,1,1,1,1,1,1,1,1,1,1,1,1,1,1,1,1,1,1,1,1,1,1,1,1
Blueberry Tart,3,3,3,3,3,3,3,3,3,3,3,3,1,3,3,3,1,3,3,4,3,3,3,3,3,3,3,3,3,3,3,1,3
Bok Choy,1,3,3,3,3,3,3,3,3,3,3,1,3,1,3,3,3,3,3,3,3,3,3,3,3,3,1,3,3,3,1,3,3
Bok Choy Seeds,1,1,1,1,1,1,1,1,1,1,1,1,1,1,1,1,1,1,1,1,1,1,1,1,1,1,1,1,1,1,1,1,1
Bomb,1,1,1,1,1,1,1,1,1,1,1,1,1,1,1,1,1,1,1,1,1,1,1,1,1,1,1,1,1,1,1,1,1
Bone Flute,0,0,0,0,0,3,0,0,0,0,0,0,0,0,0,0,0,0,0,0,0,0,0,3,0,0,0,0,0,0,0,0,0
Bone Fragment,1,1,1,1,1,1,1,1,1,1,1,1,1,1,1,1,1,1,1,1,1,1,1,1,1,1,1,1,1,1,1,1,1
Bouquet,-1,-1,-1,-1,-1,-1,-1,-1,-1,-1,-1,-1,-1,-1,-1,-1,-1,-1,-1,-1,-1,-1,-1,-1,-1,-1,-1,-1,-1,-1,-1,-1,-1
Bread,2,2,2,2,2,2,2,2,2,2,2,2,1,2,2,2,2,0,2,2,2,2,2,2,2,2,2,2,2,2,2,2,2
Bream,1,1,1,1,2,1,2,1,0,1,1,0,1,1,1,1,1,1,1,2,1,1,2,1,0,1,1,1,2,1,1,2,1
Brick Floor,1,1,1,1,1,1,1,1,1,1,1,1,1,1,1,1,1,1,1,1,1,1,1,1,1,1,1,1,1,1,1,1,1
Broken CD,0,0,0,0,0,0,0,0,0,0,0,0,0,0,0,0,0,0,0,0,0,0,0,0,0,0,0,0,0,0,0,0,0
Broken Glasses,0,0,0,0,0,0,0,0,0,0,0,0,0,0,0,0,0,0,0,0,0,0,0,0,0,0,0,0,0,0,0,0,0
Brown Egg,1,3,2,2,3,1,2,2,2,2,2,1,2,1,3,3,2,3,2,3,3,2,1,2,3,2,3,2,0,3,1,2,1
Bruschetta,3,3,3,3,3,3,3,3,3,3,3,3,3,3,3,3,1,3,3,3,3,3,3,3,3,3,3,3,3,3,3,1,3
Bug Meat,0,0,0,0,0,0,0,0,0,0,0,0,0,0,0,0,0,0,0,0,0,0,0,0,0,0,0,0,0,0,0,0,0
Bug Steak,0,0,0,0,0,0,0,0,0,0,0,0,0,0,0,0,0,0,0,0,0,0,0,0,0,0,0,0,0,0,0,0,0
Bullhead,1,1,1,1,2,1,2,1,0,1,1,0,1,1,1,1,1,1,1,2,1,1,2,1,0,1,1,1,2,1,1,2,1
Cactus Fruit,1,2,2,2,3,2,3,2,2,2,2,1,3,1,3,3,2,3,3,4,2,2,4,2,2,3,4,3,2,3,1,2,2
Cactus Seeds,1,1,1,1,1,1,1,1,1,1,1,1,1,1,1,1,1,1,1,1,1,1,1,1,1,1,1,1,1,1,1,1,1
Calcite,1,1,1,1,1,1,1,1,1,1,1,1,1,1,1,1,1,1,1,1,1,1,1,1,1,1,1,1,1,1,1,1,3
Carp,0,0,0,0,0,0,0,0,0,0,0,0,0,0,0,0,0,0,0,0,0,0,0,0,0,0,0,0,0,0,0,0,0
Carp Surprise,3,3,3,3,3,3,3,3,3,3,3,3,3,3,3,3,1,1,3,3,3,3,3,3,3,3,3,3,3,3,3,3,3
Catfish,1,1,1,1,2,1,2,1,0,1,1,0,1,1,1,1,1,1,1,2,1,1,2,1,0,1,1,1,2,1,1,4,1
Cauliflower,1,3,3,3,3,3,3,3,3,3,3,1,3,1,3,3,3,3,3,3,3,4,3,3,3,3,1,3,3,3,1,3,3
Cauliflower Seeds,1,1,1,1,1,1,1,1,1,1,1,1,1,1,1,1,1,1,1,1,1,1,1,1,1,1,1,1,1,1,1,1,1
Cave Carrot,1,1,1,1,1,3,1,1,1,1,1,1,1,1,1,1,1,1,1,1,1,1,1,1,1,1,1,1,1,1,1,1,1
Caviar,3,3,3,3,3,3,3,3,3,3,3,3,3,0,3,3,3,3,3,3,3,3,3,3,3,3,3,3,0,3,0,3,3
Celestine,1,1,1,1,1,1,1,1,1,1,1,1,1,1,1,1,1,1,1,1,1,1,1,1,1,1,1,1,1,1,1,1,3
Chanterelle,2,2,1,2,2,1,1,2,2,2,2,1,3,1,1,2,1,3,3,2,2,2,2,2,1,2,1,2,1,1,1,1,1
Cheese,3,3,3,3,3,3,3,3,3,3,3,3,1,0,3,3,3,3,3,3,3,3,3,3,3,3,3,3,0,3,0,3,3
Cheese Cauliflower,3,3,3,3,3,3,3,3,3,3,3,3,3,3,3,3,1,3,3,3,3,4,3,3,3,3,3,3,3,3,3,1,3
Cherry,3,3,3,3,3,3,3,3,3,3,3,3,3,3,3,3,3,3,3,3,3,3,3,3,3,3,3,3,3,3,3,3,3
Cherry Bomb,1,1,1,1,1,1,1,1,1,1,1,1,1,1,1,1,1,1,1,1,1,1,1,1,1,1,1,1,1,1,1,1,1
Cherry Sapling,1,1,1,1,1,1,1,1,1,1,1,1,1,1,1,1,1,1,1,1,1,1,1,1,1,1,1,1,1,1,1,1,1
Chewing Stick,0,0,0,0,0,3,0,0,0,0,0,0,0,0,0,0,0,0,0,0,0,0,0,3,0,0,0,0,0,0,0,0,0
Chicken Statue,0,0,0,0,0,3,0,0,0,0,0,0,0,0,0,0,0,0,0,0,0,0,0,3,0,0,0,0,0,0,0,0,0
Chipped Amphora,0,0,0,0,0,3,0,0,0,0,0,0,0,0,0,0,0,0,0,0,0,0,0,3,0,0,0,0,0,0,0,0,0
Chocolate Cake,4,3,3,3,3,3,3,3,4,3,3,3,1,3,4,3,1,3,3,3,3,3,3,3,3,3,3,3,3,3,3,1,3
Chowder,3,3,3,3,3,3,3,3,3,3,3,3,3,3,3,3,1,3,3,3,3,3,3,3,3,3,3,3,3,3,3,3,3
Chub,1,1,1,1,2,1,2,1,0,1,1,0,1,1,1,1,1,1,1,2,1,1,2,1,0,1,1,1,2,1,1,2,1
Cinder Shard,1,1,1,1,1,1,1,1,1,1,1,1,1,1,1,1,1,1,1,1,1,1,1,1,1,1,1,1,1,1,1,1,1
Clam,2,2,2,2,2,2,2,2,2,2,2,2,2,2,2,2,2,2,2,2,2,2,2,2,2,2,2,2,2,2,2,2,2
Clay,0,1,1,1,1,1,1,1,0,0,1,0,1,0,1,1,1,1,1,1,0,1,1,1,1,1,1,1,0,1,0,1,1
Cloth,3,3,3,3,3,3,3,4,3,3,3,3,3,0,3,3,3,3,3,3,3,3,3,3,3,3,3,3,0,3,0,3,3
Coal,1,1,1,2,1,1,1,1,1,1,1,1,1,1,1,1,1,1,1,1,1,1,1,1,1,1,0,1,1,1,1,1,1
Cobblestone Path,1,1,1,1,1,1,1,1,1,1,1,1,1,1,1,1,1,1,1,1,1,1,1,1,1,1,1,1,1,1,1,1,1
Cockle,1,1,1,1,2,1,2,1,0,1,1,0,1,1,1,1,1,1,1,2,1,1,2,1,0,1,1,1,2,1,1,2,1
Coconut,1,2,2,2,3,1,3,2,2,2,2,4,3,3,3,3,2,3,3,4,2,2,3,2,2,3,2,3,2,3,2,2,2
Coffee,3,3,3,3,3,3,3,3,3,3,3,3,4,0,3,3,3,3,3,3,3,3,3,3,3,3,3,3,3,3,0,3,3
Coffee Bean,1,1,1,1,1,1,1,1,1,1,1,1,1,1,1,1,1,1,1,1,1,1,1,1,1,1,1,1,1,1,1,1,1
Coleslaw,3,3,3,3,3,3,3,3,3,3,0,3,3,3,3,3,1,3,3,3,3,3,3,3,3,3,3,3,3,3,3,1,3
Common Mushroom,2,2,1,2,2,1,1,2,2,2,2,1,3,1,1,2,1,3,2,3,2,1,2,2,1,2,1,2,1,1,1,1,1
Complete Breakfast,3,4,3,3,3,3,3,3,3,3,3,3,3,3,3,3,1,3,3,3,3,3,3,3,3,3,3,3,0,3,3,1,3
Cookie,3,3,3,3,3,3,3,3,3,3,3,3,1,3,3,3,1,1,3,3,3,3,3,3,3,3,3,3,3,3,3,1,3
Cookout Kit,-1,-1,-1,-1,-1,-1,-1,-1,-1,-1,-1,-1,-1,-1,-1,-1,-1,-1,-1,-1,-1,-1,-1,-1,-1,-1,-1,-1,-1,-1,-1,-1,-1
Copper Bar,1,1,1,3,1,1,1,1,1,1,1,1,1,1,1,1,1,1,1,1,1,3,1,1,1,1,0,1,1,1,1,1,1
Copper Ore,0,0,0,0,0,0,0,0,0,0,0,0,0,0,0,0,0,0,0,0,0,0,0,0,0,0,0,0,0,0,0,0,0
Coral,2,2,2,2,2,2,2,2,2,2,2,2,2,2,2,2,2,2,2,2,2,2,2,2,2,2,2,2,2,2,2,2,2
Cork Bobber,1,1,1,1,1,1,1,1,1,1,1,1,1,1,1,1,1,1,1,1,1,1,1,1,1,1,1,1,1,1,1,1,1
Corn,1,3,3,3,3,3,3,3,3,3,3,1,3,1,3,3,3,3,3,3,3,3,3,3,0,3,1,3,3,3,1,3,3
Corn Seeds,1,1,1,1,1,1,1,1,1,1,1,1,1,1,1,1,1,1,1,1,1,1,1,1,1,1,1,1,1,1,1,1,1
Crab,1,1,1,1,2,1,2,1,0,1,1,0,1,1,1,1,1,1,1,2,1,1,2,1,0,1,1,1,2,1,1,2,1
Crab Cakes,3,3,3,3,3,3,4,3,3,3,3,3,3,3,3,3,1,3,3,3,3,3,3,3,3,3,3,3,3,3,3,3,3
Crab Pot,0,0,0,0,0,0,0,0,0,0,0,0,0,0,0,0,0,0,0,0,0,0,0,0,0,0,0,0,0,0,0,0,0
Cranberries,1,2,2,2,3,2,3,2,2,2,2,1,3,1,3,3,2,3,2,3,2,2,3,2,2,3,2,3,2,3,1,2,2
Cranberry Candy,3,3,3,3,3,3,3,3,3,3,3,3,3,3,3,3,1,3,3,3,3,3,3,3,3,3,3,3,3,3,4,1,3
Cranberry Sauce,3,3,3,3,3,3,3,3,3,3,3,1,3,3,3,3,1,3,3,3,3,3,3,3,3,3,3,3,3,3,3,1,3
Cranberry Seeds,1,1,1,1,1,1,1,1,1,1,1,1,1,1,1,1,1,1,1,1,1,1,1,1,1,1,1,1,1,1,1,1,1
Crayfish,1,1,1,1,2,1,2,1,0,1,1,0,1,1,1,1,1,1,1,2,1,1,2,1,0,1,1,1,2,1,1,2,1
Crimsonfish,1,1,1,1,2,1,2,1,0,1,1,0,1,1,1,1,1,1,1,2,1,1,2,1,0,1,1,1,2,1,1,2,1
Crispy Bass,3,3,3,3,3,3,3,3,3,3,3,3,3,3,4,3,1,3,3,3,3,3,3,3,3,3,3,3,3,3,3,3,3
Crocus,3,3,3,1,3,3,3,3,3,1,3,3,3,3,3,3,3,3,3,3,3,3,3,3,3,3,3,4,1,3,3,3,3
Crystal Floor,1,1,1,1,1,1,1,1,1,1,1,1,1,1,1,1,1,1,1,1,1,1,1,1,1,1,1,1,1,1,1,1,1
Crystal Fruit,1,2,2,2,3,2,3,2,2,2,2,1,3,1,3,3,2,3,2,3,2,1,3,2,2,3,2,3,2,3,1,2,2
Crystal Path,1,1,1,1,1,1,1,1,1,1,1,1,1,1,1,1,1,1,1,1,1,1,1,1,1,1,1,1,1,1,1,1,1
Curiosity Lure,1,1,1,1,1,1,1,1,1,1,1,1,1,1,1,1,1,1,1,1,1,1,1,1,1,1,1,1,1,1,1,1,1
Daffodil,2,2,3,2,2,1,1,3,3,3,3,3,3,3,0,3,1,3,2,3,2,2,3,2,3,2,1,4,1,1,3,1,1
Dandelion,2,2,1,2,2,1,1,2,2,0,2,1,3,1,0,2,1,3,2,3,2,2,2,3,3,2,1,2,1,1,1,1,1
Deluxe Fertilizer,-1,-1,-1,-1,-1,-1,-1,-1,-1,-1,-1,-1,-1,-1,-1,-1,-1,-1,-1,-1,-1,-1,-1,-1,-1,-1,-1,-1,-1,-1,-1,-1,-1
Deluxe Retaining Soil,1,1,1,1,1,1,1,1,1,1,1,1,1,1,1,1,1,1,1,1,1,1,1,1,1,1,1,1,1,1,1,1,1
Deluxe Speed-Gro,1,1,1,1,1,1,1,1,1,1,1,1,1,1,1,1,1,1,1,1,1,1,1,1,1,1,1,1,1,1,1,1,1
Diamond,3,3,3,3,3,3,3,3,4,3,4,3,3,3,4,3,4,3,3,3,4,4,3,4,3,3,3,3,3,3,3,4,3
Dinosaur Egg,0,0,0,0,0,3,0,0,0,0,0,0,0,0,0,0,0,0,0,0,0,0,0,3,0,0,0,0,0,0,0,0,0
Dinosaur Mayonnaise,3,3,3,3,3,3,3,3,3,3,3,3,3,0,3,3,3,3,3,3,3,3,3,3,3,3,3,3,0,3,0,3,3
Dish O' The Sea,3,3,3,3,3,3,3,3,3,3,3,3,3,3,3,3,1,3,3,4,3,3,3,3,3,3,3,3,3,3,3,2,3
Dolomite,1,1,1,1,1,1,1,1,1,1,1,1,1,1,1,1,1,1,1,1,1,1,1,1,1,1,1,1,1,1,1,1,3
Dorado,1,1,1,1,2,1,2,1,0,1,1,0,1,1,1,1,1,1,1,2,1,1,2,1,0,1,1,1,2,1,1,2,1
Dragon Tooth,0,0,0,0,0,0,0,0,0,0,0,0,0,0,0,0,0,0,0,0,0,0,0,0,0,0,0,0,0,0,0,0,0
Dressed Spinner,1,1,1,1,1,1,1,1,1,1,1,1,1,1,1,1,1,1,1,1,1,1,1,1,1,1,1,1,1,1,1,1,1
Dried Starfish,0,0,0,0,0,3,0,0,0,0,0,0,0,0,0,0,0,0,0,0,0,0,0,3,0,0,0,0,0,0,0,0,0
Driftwood,1,1,1,1,1,1,1,1,1,1,1,1,1,1,1,1,1,3,1,1,1,1,1,1,1,1,1,1,1,1,1,1,1
Drum Block,0,0,0,0,0,0,0,0,0,0,0,0,0,0,0,0,0,0,0,0,0,0,0,0,0,0,0,0,0,0,0,0,0
Duck Egg,1,3,2,2,3,1,2,2,2,2,2,1,3,1,3,3,2,3,2,3,3,2,1,2,3,2,3,2,0,3,1,2,1
Duck Feather,2,2,2,2,2,2,2,2,2,2,2,2,2,2,2,2,2,2,2,2,2,2,2,2,2,2,2,2,2,2,2,2,2
Duck Mayonnaise,3,3,1,3,3,3,3,3,3,3,3,3,3,0,3,3,3,3,3,3,3,3,3,3,3,3,0,3,0,3,0,3,3
Dwarf Gadget,0,0,0,0,0,3,0,0,0,0,0,0,0,0,0,0,0,0,0,0,0,0,0,3,0,0,0,0,0,0,0,0,0
Dwarf Scroll I,0,0,0,0,0,3,0,0,0,0,0,0,0,0,0,0,0,0,0,0,0,0,0,3,0,0,0,0,0,0,0,0,0
Dwarf Scroll II,0,0,0,0,0,3,0,0,0,0,0,0,0,0,0,0,0,0,0,0,0,0,0,3,0,0,0,0,0,0,0,0,0
Dwarf Scroll III,0,0,0,0,0,3,0,0,0,0,0,0,0,0,0,0,0,0,0,0,0,0,0,3,0,0,0,0,0,0,0,0,0
Dwarf Scroll IV,0,0,0,0,0,3,0,0,0,0,0,0,0,0,0,0,0,0,0,0,0,0,0,3,0,0,0,0,0,0,0,0,0
Dwarvish Helm,0,0,0,0,0,3,0,0,0,0,0,0,0,0,0,0,0,0,0,0,0,0,0,3,0,0,0,0,0,0,0,0,0
Dwarvish Translation Guide,-1,-1,-1,-1,-1,-1,-1,-1,-1,-1,-1,-1,-1,-1,-1,-1,-1,-1,-1,-1,-1,-1,-1,-1,-1,-1,-1,-1,-1,-1,-1,-1,-1
Earth Crystal,3,3,3,3,3,3,3,3,3,3,3,3,3,3,3,3,3,3,3,1,3,3,3,3,1,3,3,3,3,3,3,3,3
Ectoplasm,-1,-1,-1,-1,-1,-1,-1,-1,-1,-1,-1,-1,-1,-1,-1,-1,-1,-1,-1,-1,-1,-1,-1,-1,-1,-1,-1,-1,-1,-1,-1,-1,-1
Eel,1,1,1,1,2,1,2,1,0,1,1,0,1,1,1,1,1,1,1,2,1,1,2,1,0,1,1,1,2,1,1,2,1
Egg,1,3,2,2,3,1,2,2,2,2,2,1,2,1,3,3,2,3,2,3,3,2,1,2,3,2,3,2,0,3,1,2,1
Eggplant,1,3,3,3,3,3,3,3,3,3,3,1,3,1,3,3,3,3,3,3,3,3,3,3,3,3,1,3,3,3,1,3,3
Eggplant Parmesan,3,3,3,3,3,3,3,3,3,3,3,3,3,3,4,3,1,3,3,3,3,3,3,3,3,3,3,3,3,3,3,1,3
Eggplant Seeds,1,1,1,1,1,1,1,1,1,1,1,1,1,1,1,1,1,1,1,1,1,1,1,1,1,1,1,1,1,1,1,1,1
Elvish Jewelry,0,0,0,0,0,3,0,0,0,0,0,0,0,0,0,0,0,0,0,0,0,0,0,3,0,0,0,0,0,0,0,0,0
Emerald,3,3,3,4,3,4,3,4,3,3,3,3,3,3,3,3,3,1,3,1,3,3,3,4,1,3,3,3,3,3,3,3,3
Energy Tonic,0,0,0,0,0,0,0,0,0,0,0,0,0,0,0,0,0,0,0,0,0,0,0,0,0,0,0,0,0,0,0,0,0
Enricher,-1,-1,-1,-1,-1,-1,-1,-1,-1,-1,-1,-1,-1,-1,-1,-1,-1,-1,-1,-1,-1,-1,-1,-1,-1,-1,-1,-1,-1,-1,-1,-1,-1
Escargot,3,3,3,3,3,3,3,3,3,3,4,3,3,3,3,3,1,3,3,3,3,3,3,3,3,3,3,3,3,3,3,1,3
Esperite,1,1,1,1,1,1,1,1,1,1,1,1,1,1,1,1,1,1,1,1,1,1,1,1,1,1,1,1,1,1,1,1,3
Explosive Ammo,0,0,0,0,0,0,0,0,0,0,0,0,0,0,0,0,0,0,0,0,0,0,0,0,0,0,0,0,0,0,0,0,0
Fairy Dust,0,0,0,0,0,0,0,0,0,0,0,0,0,0,0,0,0,0,0,0,0,0,0,0,0,0,0,0,0,0,0,0,0
Fairy Rose,3,3,3,1,3,3,3,3,4,1,3,3,3,4,3,3,3,3,3,3,3,3,3,3,3,3,3,3,1,3,3,3,3
Fairy Seeds,1,1,1,1,1,1,1,1,1,1,1,1,1,1,1,1,1,1,1,1,1,1,1,1,1,1,1,1,1,1,1,1,1
Fairy Stone,1,1,1,1,1,1,1,1,1,1,1,1,1,1,1,1,1,1,1,1,1,1,1,1,1,1,1,1,1,1,1,1,3
Fall Seeds,1,1,1,1,1,1,1,1,1,1,1,1,1,1,1,1,1,1,1,1,1,1,1,1,1,1,1,1,1,1,1,1,1
Farmer's Lunch,3,3,3,3,3,3,3,3,3,3,3,3,3,3,3,3,1,3,3,3,4,3,3,3,3,3,3,3,0,3,3,1,3
Fiber,1,1,1,1,1,1,1,1,1,1,1,1,1,1,1,1,1,1,1,1,1,1,1,1,1,1,1,1,1,1,1,1,1
Fiber Seeds,1,1,1,1,1,1,1,1,1,1,1,1,1,1,1,1,1,1,1,1,1,1,1,1,1,1,1,1,1,1,1,1,1
Fiddlehead Fern,1,3,3,3,3,3,3,3,3,3,3,1,3,1,3,3,3,3,3,3,3,3,3,3,3,3,1,3,3,3,1,3,3
Fiddlehead Risotto,3,3,3,4,3,3,3,3,3,3,3,3,3,3,3,4,1,3,3,3,3,3,3,3,3,3,3,3,3,3,3,1,3
Field Snack,1,1,1,1,1,1,1,1,1,1,1,1,1,1,1,1,1,1,1,1,1,1,1,1,1,1,1,1,1,1,1,1,1
Fire Opal,1,1,1,1,1,1,1,1,1,1,1,1,1,1,1,1,1,1,1,1,1,1,1,1,1,1,1,1,1,1,1,1,3
Fire Quartz,3,3,3,3,3,3,3,3,3,3,3,3,3,3,3,3,3,1,3,1,3,3,3,3,1,3,3,3,3,3,3,3,3
Fish Stew,3,3,3,3,3,3,3,3,3,3,3,3,3,3,3,3,1,3,3,3,3,3,3,3,3,3,3,3,3,3,3,3,3
Fish Taco,3,3,4,3,3,3,3,0,3,3,4,3,3,3,3,3,1,3,3,3,3,3,3,3,3,3,3,3,3,3,3,3,3
Flounder,1,1,1,1,2,1,2,1,0,1,1,0,1,1,1,1,1,1,1,2,1,1,2,1,0,1,1,1,3,1,1,2,1
Fluorapatite,1,1,1,1,1,1,1,1,1,1,1,1,1,1,1,1,1,1,1,1,1,1,1,1,1,1,1,1,1,1,1,1,3
Flute Block,0,0,0,0,0,0,0,0,0,0,0,0,0,0,0,0,0,0,0,0,0,0,0,0,0,0,0,0,0,0,0,0,0
Fossilized Leg,0,0,0,0,0,0,0,0,0,0,0,0,0,0,0,0,0,0,0,0,0,0,0,0,0,0,0,0,0,0,0,0,0
Fossilized Ribs,0,0,0,0,0,0,0,0,0,0,0,0,0,0,0,0,0,0,0,0,0,0,0,0,0,0,0,0,0,0,0,0,0
Fossilized Skull,0,0,0,0,0,0,0,0,0,0,0,0,0,0,0,0,0,0,0,0,0,0,0,0,0,0,0,0,0,0,0,0,0
Fossilized Spine,0,0,0,0,0,0,0,0,0,0,0,0,0,0,0,0,0,0,0,0,0,0,0,0,0,0,0,0,0,0,0,0,0
Fossilized Tail,0,0,0,0,0,0,0,0,0,0,0,0,0,0,0,0,0,0,0,0,0,0,0,0,0,0,0,0,0,0,0,0,0
Fried Calamari,3,3,3,3,3,3,3,3,3,3,3,3,3,3,3,3,1,3,3,3,3,3,3,3,4,3,3,3,3,3,3,3,3
Fried Eel,3,3,3,3,3,3,3,1,0,3,3,3,3,3,4,3,1,3,3,3,3,3,3,3,3,3,3,3,3,3,3,3,3
Fried Egg,2,2,2,2,2,2,2,2,2,2,2,2,2,2,2,2,2,1,2,2,2,2,2,2,2,2,2,2,2,2,2,2,2
Fried Mushroom,3,3,3,3,3,3,3,3,3,4,3,3,1,3,3,3,1,3,3,3,3,3,3,3,3,3,3,3,3,3,3,1,3
Frozen Geode,1,1,1,1,1,1,1,1,1,1,1,1,1,1,1,1,1,1,1,1,1,1,1,1,1,1,1,1,1,1,1,1,1
Frozen Tear,3,3,3,3,3,3,3,3,3,3,3,3,3,3,3,3,3,1,3,1,3,3,3,3,1,3,3,3,4,3,3,3,3
Fruit Salad,3,3,3,3,3,3,3,3,3,3,3,4,3,3,3,3,1,3,3,3,3,3,3,3,3,3,3,3,3,3,3,1,3
Galaxy Soul,-1,-1,-1,-1,-1,-1,-1,-1,-1,-1,-1,-1,-1,-1,-1,-1,-1,-1,-1,-1,-1,-1,-1,-1,-1,-1,-1,-1,-1,-1,-1,-1,-1
Garlic,1,3,3,3,3,3,3,3,0,3,3,1,3,1,1,3,3,3,3,3,3,3,3,3,0,3,1,3,3,3,1,3,3
Garlic Seeds,1,1,1,1,1,1,1,1,1,1,1,1,1,1,1,1,1,1,1,1,1,1,1,1,1,1,1,1,1,1,1,1,1
Gate,1,1,1,1,1,1,1,1,1,1,1,1,1,1,1,1,1,1,1,1,1,1,1,1,1,1,1,1,1,1,1,1,1
Geminite,1,1,1,1,1,1,1,1,1,1,1,1,1,1,1,1,1,1,1,1,1,1,1,1,1,1,1,1,1,1,1,1,3
Geode,1,1,1,1,1,1,1,1,1,1,1,1,1,1,1,1,1,1,1,1,1,1,1,1,1,1,1,1,1,1,1,1,1
Ghost Crystal,1,1,1,1,1,1,1,1,1,1,1,1,1,1,1,1,1,1,1,1,1,1,1,1,1,1,1,1,1,1,1,1,3
Ghostfish,1,1,1,1,2,1,2,1,0,1,1,0,1,1,1,1,1,1,1,2,1,1,2,1,0,1,1,1,2,1,1,2,1
Ginger,-1,-1,-1,-1,-1,-1,-1,-1,-1,-1,-1,-1,-1,-1,-1,-1,-1,-1,-1,-1,-1,-1,-1,-1,-1,-1,-1,-1,-1,-1,-1,-1,-1
Ginger Ale,-1,-1,-1,-1,-1,-1,-1,-1,-1,-1,-1,-1,-1,-1,-1,-1,-1,-1,-1,-1,-1,-1,-1,-1,-1,-1,-1,-1,-1,-1,-1,-1,-1
Glacierfish,1,1,1,1,2,1,2,1,0,1,1,0,1,1,1,1,1,1,1,2,1,1,2,1,0,1,1,1,2,1,1,2,1
Glacierfish Jr.,-1,-1,-1,-1,-1,-1,-1,-1,-1,-1,-1,-1,-1,-1,-1,-1,-1,-1,-1,-1,-1,-1,-1,-1,-1,-1,-1,-1,-1,-1,-1,-1,-1
Glass Shards,0,0,0,0,0,3,0,0,0,0,0,0,0,0,0,0,0,0,0,0,0,0,0,3,0,0,0,0,0,0,0,0,0
Glazed Yams,3,3,3,3,3,3,3,3,3,3,3,3,1,3,3,3,1,3,4,3,3,3,4,3,3,3,3,3,3,3,3,1,3
Glowstone Ring,-1,-1,-1,-1,-1,-1,-1,-1,-1,-1,-1,-1,-1,-1,-1,-1,-1,-1,-1,-1,-1,-1,-1,-1,-1,-1,-1,-1,-1,-1,-1,-1,-1
Goat Cheese,3,3,3,3,3,3,3,3,3,3,3,3,1,0,3,3,3,4,3,3,3,3,3,3,3,4,3,3,0,3,0,3,3
Goat Milk,2,2,2,2,2,1,1,2,3,2,2,1,3,2,3,0,2,3,1,3,3,2,3,3,3,3,2,3,2,2,2,2,1
Gold Bar,1,1,1,4,1,1,1,1,1,1,1,1,1,1,1,1,3,1,1,1,1,4,1,1,1,1,0,1,1,1,1,3,1
Gold Ore,1,1,1,2,1,1,1,1,1,1,1,1,1,1,1,1,1,1,1,1,1,1,1,1,1,1,0,1,1,1,1,1,1
Golden Coconut,-1,-1,-1,-1,-1,-1,-1,-1,-1,-1,-1,-1,-1,-1,-1,-1,-1,-1,-1,-1,-1,-1,-1,-1,-1,-1,-1,-1,-1,-1,-1,-1,-1
Golden Egg,1,3,2,2,3,1,2,2,2,2,2,1,2,1,3,3,2,3,2,3,3,2,1,2,3,2,3,2,0,3,1,2,1
Golden Mask,0,0,0,0,0,3,0,0,0,0,0,0,0,0,0,0,0,0,0,0,0,0,0,3,0,0,0,0,0,0,0,0,0
Golden Pumpkin,4,4,4,4,4,4,4,4,4,4,4,4,4,4,4,4,4,4,4,4,4,4,4,4,4,4,4,4,4,4,4,4,4
Golden Relic,0,0,0,0,0,3,0,0,0,0,0,0,0,0,0,0,0,0,0,0,0,0,0,3,0,0,0,0,0,0,0,0,0
Golden Walnut,-1,-1,-1,-1,-1,-1,-1,-1,-1,-1,-1,-1,-1,-1,-1,-1,-1,-1,-1,-1,-1,-1,-1,-1,-1,-1,-1,-1,-1,-1,-1,-1,-1
Gourmet Tomato Salt,-1,-1,-1,-1,-1,-1,-1,-1,-1,-1,-1,-1,-1,-1,-1,-1,-1,-1,-1,-1,-1,-1,-1,-1,-1,-1,-1,-1,-1,-1,-1,-1,-1
Granite,1,1,1,1,1,1,1,1,1,1,1,1,1,1,1,1,1,1,1,1,1,1,1,1,1,1,1,1,1,1,1,1,3
Grape,1,2,2,2,3,2,3,2,2,2,2,1,3,1,3,3,2,3,2,3,2,2,3,0,2,3,2,3,2,3,4,2,2
Grape Starter,1,1,1,1,1,1,1,1,1,1,1,1,1,1,1,1,1,1,1,1,1,1,1,1,1,1,1,1,1,1,1,1,1
Grass Starter,0,0,0,0,0,0,0,0,0,0,0,0,0,0,0,0,0,0,0,0,0,0,0,0,0,0,0,0,0,0,0,0,0
Gravel Path,1,1,1,1,1,1,1,1,1,1,1,1,1,1,1,1,1,1,1,1,1,1,1,1,1,1,1,1,1,1,1,1,1
Green Algae,0,0,0,0,0,0,0,0,0,0,0,0,0,0,0,0,0,0,0,0,0,0,0,0,0,0,0,0,0,0,0,0,0
Green Bean,1,3,3,3,3,3,3,3,3,3,3,1,3,1,3,3,3,3,3,3,3,3,3,3,3,3,1,3,3,3,1,3,3
Green Slime Egg,0,0,0,0,0,0,0,0,0,0,0,0,0,0,0,0,0,0,0,0,0,0,0,0,0,0,0,0,0,0,0,0,0
Green Tea,3,3,4,3,3,3,3,3,3,3,3,3,3,0,3,3,3,3,4,3,3,3,3,3,3,3,3,3,3,3,0,3,3
Halibut,1,1,1,1,2,1,2,1,0,1,1,0,1,1,1,1,1,1,1,2,1,1,2,1,0,1,1,1,2,1,1,2,1
Hardwood,1,1,1,1,1,1,1,1,1,1,1,1,1,1,1,1,1,1,1,1,1,1,1,1,1,3,1,1,1,1,1,1,1
Hardwood Fence,1,1,1,1,1,1,1,1,1,1,1,1,1,1,1,1,1,1,1,1,1,1,1,1,1,1,1,1,1,1,1,1,1
Hashbrowns,3,3,3,3,3,3,3,3,3,3,3,3,1,3,3,3,1,0,3,3,3,3,3,3,3,3,3,3,3,3,3,1,3
Hay,0,0,0,0,0,0,0,0,0,0,0,0,0,0,0,0,0,0,0,0,0,0,0,0,0,0,0,0,0,0,0,0,0
Hazelnut,2,2,1,2,2,1,1,2,2,2,2,1,3,1,1,2,1,3,2,3,2,2,2,2,1,2,1,2,1,1,1,1,1
Helvite,1,1,1,1,1,1,1,1,1,1,1,1,1,1,1,1,1,1,1,1,1,1,1,1,1,1,1,1,1,1,1,1,3
Hematite,1,1,1,1,1,1,1,1,1,1,1,1,1,1,1,1,1,1,1,1,1,1,1,1,1,1,1,1,1,1,1,1,3
Herring,1,1,1,1,2,1,2,1,0,1,1,0,1,1,1,1,1,1,1,2,1,1,2,1,0,1,1,1,2,1,1,2,1
Holly,0,0,1,0,0,1,1,0,0,0,0,1,3,1,1,0,1,3,0,3,0,0,0,0,1,0,1,0,1,1,1,1,1
Honey,3,3,3,3,3,3,3,3,3,3,3,3,3,3,3,3,3,3,3,3,3,0,3,3,3,3,3,3,0,3,3,3,3
Hops,2,2,2,2,2,2,2,2,2,2,2,2,2,2,2,2,2,2,2,2,2,2,2,0,2,2,2,2,2,2,2,2,2
Hops Starter,1,1,1,1,1,1,1,1,1,1,1,1,1,1,1,1,1,1,1,1,1,1,1,1,1,1,1,1,1,1,1,1,1
Horse Flute,-1,-1,-1,-1,-1,-1,-1,-1,-1,-1,-1,-1,-1,-1,-1,-1,-1,-1,-1,-1,-1,-1,-1,-1,-1,-1,-1,-1,-1,-1,-1,-1,-1
Hot Pepper,1,2,2,2,3,2,3,2,2,2,2,1,3,1,3,3,2,3,4,3,2,2,3,2,2,3,2,3,2,4,1,2,2
Hyper Speed-Gro,-1,-1,-1,-1,-1,-1,-1,-1,-1,-1,-1,-1,-1,-1,-1,-1,-1,-1,-1,-1,-1,-1,-1,-1,-1,-1,-1,-1,-1,-1,-1,-1,-1
Ice Cream,3,3,3,3,4,3,3,1,3,3,3,3,1,3,3,3,1,1,3,3,3,3,3,3,3,3,3,3,3,3,3,1,3
Ice Pip,1,1,1,1,2,1,2,1,0,1,1,0,1,1,1,1,1,1,1,2,1,1,2,1,0,1,1,1,2,1,1,2,1
Iridium Bar,1,1,1,4,1,1,1,1,1,1,1,1,1,1,1,1,4,1,1,1,1,4,1,1,1,1,0,1,1,1,1,4,1
Iridium Milk,-1,-1,-1,-1,-1,-1,-1,-1,-1,-1,-1,-1,-1,-1,-1,-1,-1,-1,-1,-1,-1,-1,-1,-1,-1,-1,-1,-1,-1,-1,-1,-1,-1
Iridium Ore,1,1,1,2,1,1,1,1,1,1,1,1,1,1,1,1,1,1,1,1,1,1,1,1,1,1,0,1,1,1,1,1,1
Iridium Sprinkler,1,1,1,1,1,1,1,1,1,1,1,1,1,1,1,1,1,1,1,1,1,1,1,1,1,1,1,1,1,1,1,1,1
Iron Bar,1,1,1,3,1,1,1,1,1,1,1,1,1,1,1,1,1,1,1,1,1,3,1,1,1,1,0,1,1,1,1,1,1
Iron Fence,1,1,1,1,1,1,1,1,1,1,1,1,1,1,1,1,1,1,1,1,1,1,1,1,1,1,1,1,1,1,1,1,1
Iron Ore,0,0,0,0,0,0,0,0,0,0,0,0,0,0,0,0,0,0,0,0,0,0,0,0,0,0,0,0,0,0,0,0,0
Jack-O-Lantern,1,1,1,1,1,1,1,1,1,1,1,1,1,1,1,1,1,1,1,1,1,1,1,1,1,1,1,1,1,1,1,1,1
Jade,3,3,3,4,3,4,3,4,3,3,3,3,3,3,3,3,3,1,3,1,3,3,3,3,1,3,3,3,3,3,3,3,3
Jagoite,1,1,1,1,1,1,1,1,1,1,1,1,1,1,1,1,1,1,1,1,1,1,1,1,1,1,1,1,1,1,1,1,3
Jamborite,1,1,1,1,1,1,1,1,1,1,1,1,1,1,1,1,1,1,1,1,1,1,1,1,1,1,1,1,1,1,1,1,3
Jasper,1,1,1,1,1,1,1,1,1,1,1,1,1,1,1,1,1,1,1,1,1,1,1,1,1,1,1,1,1,1,1,1,3
Jazz Seeds,1,1,1,1,1,1,1,1,1,1,1,1,1,1,1,1,1,1,1,1,1,1,1,1,1,1,1,1,1,1,1,1,1
Jelly,3,3,3,3,3,3,3,3,3,3,3,3,3,3,3,3,3,3,3,3,3,3,3,3,3,3,3,3,0,3,3,3,3
Joja Cola,0,0,0,0,0,0,0,0,0,0,0,0,0,0,0,0,0,0,0,0,0,0,0,0,0,0,3,0,0,0,0,0,0
Journal Scrap,0,0,0,0,0,0,0,0,0,0,0,0,0,0,0,0,0,0,0,0,0,0,0,0,0,0,0,0,0,0,0,0,0
Juice,3,3,3,3,3,3,3,3,3,3,3,3,3,0,3,3,3,3,3,3,3,3,3,3,3,3,3,3,0,3,0,3,3
Kale,1,3,3,3,3,3,3,3,3,3,3,1,3,1,3,3,3,3,3,3,3,3,3,3,3,3,1,3,3,3,1,3,3
Kale Seeds,1,1,1,1,1,1,1,1,1,1,1,1,1,1,1,1,1,1,1,1,1,1,1,1,1,1,1,1,1,1,1,1,1
Kyanite,1,1,1,1,1,1,1,1,1,1,1,1,1,1,1,1,1,1,1,1,1,1,1,1,1,1,1,1,1,1,1,1,3
Large Brown Egg,1,3,2,2,3,1,2,2,2,2,2,1,2,1,3,3,2,3,2,3,3,2,1,2,3,2,3,2,0,3,1,2,1
Large Egg,1,3,2,2,3,1,2,2,2,2,2,1,2,1,3,3,2,3,2,3,3,2,1,2,3,2,3,2,0,3,1,2,1
Large Goat Milk,2,2,2,2,2,1,1,2,3,2,2,1,3,2,3,0,2,3,1,3,3,2,3,3,3,3,2,3,2,2,2,2,1
Large Milk,2,2,2,2,2,1,1,2,3,2,2,1,2,2,3,0,2,3,1,3,3,2,3,3,3,3,2,2,2,2,2,2,1
Largemouth Bass,1,1,1,1,2,1,2,1,0,1,1,0,1,1,1,1,1,1,1,2,1,1,2,1,0,1,1,1,2,1,1,2,1
Lava Eel,1,1,1,1,2,1,2,1,0,1,1,0,1,1,1,1,1,1,1,2,1,1,2,1,0,1,1,1,2,1,1,2,1
Lead Bobber,1,1,1,1,1,1,1,1,1,1,1,1,1,1,1,1,1,1,1,1,1,1,1,1,1,1,1,1,1,1,1,1,1
Leek,2,2,1,2,2,1,1,2,2,4,2,1,3,1,1,2,1,3,2,3,2,2,2,3,1,2,1,2,1,1,1,1,1
Legend,1,1,1,1,2,1,2,1,0,1,1,0,1,1,1,1,1,1,1,2,1,1,2,1,0,1,1,1,2,1,1,2,1
Legend II,-1,-1,-1,-1,-1,-1,-1,-1,-1,-1,-1,-1,-1,-1,-1,-1,-1,-1,-1,-1,-1,-1,-1,-1,-1,-1,-1,-1,-1,-1,-1,-1,-1
Lemon Stone,1,1,1,1,1,4,1,1,1,1,1,1,1,1,1,1,1,1,1,1,1,1,1,1,1,1,1,1,1,1,1,1,3
Life Elixir,3,3,3,3,3,3,3,3,3,3,3,3,3,3,3,3,1,3,3,3,3,3,3,3,3,3,3,3,3,3,3,1,3
Limestone,1,1,1,1,1,1,1,1,1,1,1,1,1,1,1,1,1,1,1,1,1,1,1,1,1,1,1,1,1,1,1,1,3
Lingcod,1,1,1,1,2,1,2,1,0,1,1,0,1,1,1,1,1,1,1,2,1,1,2,1,0,1,1,1,2,1,1,2,1
Lionfish,1,1,1,1,2,1,2,1,0,1,1,0,1,1,1,1,1,1,1,2,1,1,2,1,0,1,1,1,2,1,1,2,1
Lobster,1,1,1,1,2,1,4,1,0,1,1,0,1,1,1,1,1,1,1,2,1,1,2,1,0,1,1,1,2,1,1,2,1
Lobster Bisque,3,3,3,3,3,3,3,3,3,3,3,3,3,3,3,3,1,3,3,3,3,3,3,3,3,3,3,3,3,3,3,3,3
Lost Axe,-1,-1,-1,-1,-1,-1,-1,-1,-1,-1,-1,-1,-1,-1,-1,-1,-1,-1,-1,-1,-1,-1,-1,-1,-1,-1,-1,-1,-1,-1,-1,-1,-1
Lucky Lunch,3,3,3,3,3,3,3,3,3,3,3,3,3,3,3,3,1,3,3,3,3,3,3,3,3,3,3,3,3,3,3,1,3
Lucky Purple Shorts,-1,-1,-1,-1,-1,-1,-1,-1,-1,-1,-1,-1,-1,-1,-1,-1,-1,-1,-1,-1,-1,-1,-1,-1,-1,-1,-1,-1,-1,-1,-1,-1,-1
Lunarite,1,1,1,1,1,1,1,1,1,1,1,1,1,1,1,1,1,1,1,1,1,1,1,1,1,1,1,1,1,1,1,1,3
Magic Bait,-1,-1,-1,-1,-1,-1,-1,-1,-1,-1,-1,-1,-1,-1,-1,-1,-1,-1,-1,-1,-1,-1,-1,-1,-1,-1,-1,-1,-1,-1,-1,-1,-1
Magic Rock Candy,4,4,4,4,4,4,4,4,4,4,4,4,4,4,4,4,4,4,4,4,4,4,4,4,4,4,4,4,4,4,4,4,4
Magma Cap,2,2,1,2,2,1,1,2,2,2,2,1,3,1,1,2,1,3,2,3,2,2,2,2,1,2,1,2,1,1,1,1,1
Magma Geode,1,1,1,1,1,1,1,1,1,1,1,1,1,1,1,1,1,1,1,1,1,1,1,1,1,1,1,1,1,1,1,1,1
Magnet,0,0,0,0,0,0,0,0,0,0,0,0,0,0,0,0,0,0,0,0,0,0,0,0,0,0,0,0,0,0,0,0,0
Mahogany Seed,1,1,1,1,1,1,1,1,1,1,1,1,1,1,1,1,1,1,1,1,1,1,1,1,1,1,1,1,1,1,1,1,1
Maki Roll,3,3,3,3,3,3,3,0,0,3,3,3,3,3,3,3,1,3,3,3,3,3,3,3,3,3,3,3,3,3,3,2,3
Malachite,1,1,1,1,1,1,1,1,1,1,1,1,1,1,1,1,1,1,1,1,1,1,1,1,1,1,1,1,1,1,1,1,3
Mango,1,2,2,2,3,2,3,2,2,2,2,1,3,1,3,3,2,3,2,3,2,2,3,2,2,3,2,3,2,3,1,2,2
Mango Sapling,1,1,1,1,1,1,1,1,1,1,1,1,1,1,1,1,1,1,1,1,1,1,1,1,1,1,1,1,1,1,1,1,1
Mango Sticky Rice,3,3,3,3,3,3,3,3,3,3,3,3,3,3,3,3,1,3,3,3,3,3,3,3,3,3,3,4,3,3,3,1,3
Maple Bar,3,3,3,3,3,3,3,3,3,3,3,3,3,3,3,3,1,3,3,3,3,3,3,3,3,3,4,3,3,3,3,1,3
Maple Seed,1,1,1,1,1,1,1,1,1,1,1,1,1,1,1,1,1,1,1,1,1,1,1,1,1,1,1,1,1,1,1,1,1
Maple Syrup,3,3,3,3,3,3,3,3,3,3,3,3,3,3,3,3,3,3,3,3,3,1,3,3,3,3,3,3,3,3,3,3,3
Marble,1,1,1,1,1,1,1,1,1,1,1,1,1,1,1,1,1,1,1,1,1,1,1,1,1,1,1,1,1,1,1,1,3
Mayonnaise,3,3,1,3,3,3,3,3,3,3,3,3,3,0,3,3,3,3,3,3,3,3,3,3,3,3,0,3,0,3,0,3,3
Mead,3,3,3,3,3,3,3,3,3,3,3,3,3,0,3,3,3,3,3,3,3,3,4,0,3,3,3,3,0,3,0,4,3
Mega Bomb,1,1,1,1,1,1,1,1,1,1,1,1,1,1,1,1,1,1,1,1,1,1,1,1,1,1,1,1,1,1,1,1,1
Melon,1,2,2,2,3,2,3,2,2,2,2,1,3,1,3,3,2,3,2,3,2,2,3,4,2,3,2,3,2,3,1,2,2
Melon Seeds,1,1,1,1,1,1,1,1,1,1,1,1,1,1,1,1,1,1,1,1,1,1,1,1,1,1,1,1,1,1,1,1,1
Mermaid's Pendant,-1,-1,-1,-1,-1,-1,-1,-1,-1,-1,-1,-1,-1,-1,-1,-1,-1,-1,-1,-1,-1,-1,-1,-1,-1,-1,-1,-1,-1,-1,-1,-1,-1
Midnight Carp,1,1,1,1,2,1,2,1,0,1,1,0,1,1,1,1,1,1,1,2,1,1,2,1,0,1,1,1,2,1,1,2,1
Midnight Squid,1,1,1,1,2,1,2,1,0,1,1,0,1,1,1,1,1,1,1,2,1,1,2,1,0,1,1,1,2,1,1,2,1
Milk,2,2,2,2,2,1,1,2,3,2,2,1,2,2,3,0,2,3,1,3,3,2,3,3,3,3,2,2,2,2,2,2,1
Miner's Treat,3,3,3,3,3,3,3,3,3,3,3,3,3,3,3,3,1,3,3,3,3,4,3,3,3,3,3,3,3,3,3,1,3
Mixed Seeds,1,1,1,1,1,1,1,1,1,1,1,1,1,1,1,1,1,1,1,1,1,1,1,1,1,1,1,1,1,1,1,1,1
Monster Musk,0,0,0,0,0,0,0,0,0,0,0,0,0,0,0,0,0,0,0,0,0,0,0,0,0,0,0,0,0,0,0,0,0
Morel,2,2,1,2,2,1,1,2,2,2,2,1,3,1,1,2,1,3,2,3,2,2,2,2,1,2,1,2,1,1,1,1,1
Movie Ticket,-1,-1,-1,-1,-1,-1,-1,-1,-1,-1,-1,-1,-1,-1,-1,-1,-1,-1,-1,-1,-1,-1,-1,-1,-1,-1,-1,-1,-1,-1,-1,-1,-1
Ms. Angler,-1,-1,-1,-1,-1,-1,-1,-1,-1,-1,-1,-1,-1,-1,-1,-1,-1,-1,-1,-1,-1,-1,-1,-1,-1,-1,-1,-1,-1,-1,-1,-1,-1
Mudstone,1,1,1,1,1,1,1,1,1,1,1,1,1,1,1,1,1,1,1,1,1,1,1,1,1,1,1,1,1,1,1,1,3
Mummified Bat,0,0,0,0,0,0,0,0,0,0,0,0,0,0,0,0,0,0,0,0,0,0,0,0,0,0,0,0,0,0,0,0,0
Mummified Frog,0,0,0,0,0,0,0,0,0,0,0,0,0,0,0,0,0,0,0,0,0,0,0,0,0,0,0,0,0,0,0,0,0
Muscle Remedy,0,0,0,0,0,0,0,0,0,0,0,0,0,0,0,0,0,0,0,0,0,0,0,0,0,0,0,0,0,0,0,0,0
Mushroom Tree Seed,1,1,1,1,1,1,1,1,1,1,1,1,1,1,1,1,1,1,1,1,1,1,1,1,1,1,1,1,1,1,1,1,1
Mussel,1,1,1,1,2,1,2,1,0,1,1,0,1,1,1,1,1,1,1,2,1,1,2,1,0,1,1,1,2,1,1,2,1
Mutant Carp,1,1,1,1,2,1,2,1,0,1,1,0,1,1,1,1,1,1,1,2,1,1,2,1,0,1,1,1,2,1,1,2,1
Nautilus Fossil,0,0,0,0,0,3,0,0,0,0,0,0,0,0,0,0,0,0,0,0,0,0,0,3,0,0,0,0,0,0,0,0,0
Nautilus Shell,2,2,2,2,2,2,2,2,2,2,2,2,2,2,2,2,2,2,2,2,2,2,2,2,2,2,2,2,2,2,2,2,2
Nekoite,1,1,1,1,1,1,1,1,1,1,1,1,1,1,1,1,1,1,1,1,1,1,1,1,1,1,1,1,1,1,1,1,3
Neptunite,1,1,1,1,1,1,1,1,1,1,1,1,1,1,1,1,1,1,1,1,1,1,1,1,1,1,1,1,1,1,1,1,3
Oak Resin,1,1,1,1,1,1,1,1,1,1,1,1,1,1,1,1,1,1,1,1,1,3,1,1,1,1,1,1,1,1,1,1,1
Obsidian,1,1,1,1,1,1,1,1,1,1,1,1,1,1,1,1,1,1,1,1,1,1,1,1,1,1,1,1,4,1,1,1,3
Ocean Stone,1,1,1,1,1,1,1,1,1,1,1,1,1,1,1,1,1,1,1,1,1,1,1,1,1,1,1,1,1,1,1,1,3
Octopus,1,1,1,1,2,1,3,1,0,1,1,0,1,1,1,1,1,1,1,2,1,1,0,1,0,1,1,1,2,1,1,4,1
Oil,1,1,1,1,1,1,1,1,1,1,1,1,1,1,1,1,1,1,1,1,1,1,1,1,1,1,1,1,1,1,1,1,1
Oil of Garlic,0,0,0,0,0,0,0,0,0,0,0,0,0,0,0,0,0,0,0,0,0,0,0,0,0,0,0,0,0,0,0,0,0
Omelet,3,3,3,3,3,3,3,3,3,3,3,3,3,3,3,3,1,3,3,3,3,3,3,3,3,3,3,3,0,3,3,1,3
Omni Geode,1,1,1,4,1,4,1,1,1,1,1,1,1,1,1,1,1,1,1,1,1,1,1,1,1,1,1,1,1,1,1,1,1
Opal,1,1,1,1,1,1,1,1,1,1,1,1,1,1,1,1,1,1,1,1,1,1,1,1,1,1,1,1,1,1,1,1,3
Orange,3,3,3,3,3,3,3,3,3,3,4,3,3,3,3,3,3,3,3,3,3,3,3,3,3,3,3,3,3,3,3,3,3
Orange Sapling,1,1,1,1,1,1,1,1,1,1,1,1,1,1,1,1,1,1,1,1,1,1,1,1,1,1,1,1,1,1,1,1,1
Ornamental Fan,0,0,0,0,0,3,0,0,0,0,0,0,0,0,0,0,0,0,0,0,0,0,0,3,0,0,0,0,0,0,0,0,0
Ornate Necklace,4,-1,4,-1,-1,-1,-1,-1,-1,-1,-1,-1,-1,-1,-1,-1,-1,-1,-1,-1,-1,-1,-1,-1,-1,-1,-1,-1,-1,-1,-1,-1,-1
Orpiment,1,1,1,1,1,1,1,1,1,1,1,1,1,1,1,1,1,1,1,1,1,1,1,1,1,1,1,1,1,1,1,1,3
Ostrich Egg,-1,3,-1,-1,3,-1,-1,-1,-1,-1,-1,-1,-1,-1,3,3,-1,3,-1,3,3,-1,-1,-1,3,-1,3,-1,-1,3,-1,-1,-1
Oyster,1,1,1,1,2,1,2,1,0,1,1,0,1,1,1,1,1,1,1,2,1,1,2,1,0,1,1,1,2,1,1,2,1
Pale Ale,3,3,3,3,3,3,3,3,3,3,3,3,3,0,3,3,3,3,3,3,3,3,4,0,3,3,3,3,0,3,0,3,3
Pale Broth,3,3,3,3,3,3,3,3,3,3,3,3,3,3,3,3,1,3,3,3,3,3,3,1,3,3,3,3,3,3,3,1,3
Palm Fossil,0,0,0,0,0,3,0,0,0,0,0,0,0,0,0,0,0,0,0,0,0,0,0,3,0,0,0,0,0,0,0,0,0
Pancakes,3,3,3,3,3,3,3,3,3,3,3,3,1,3,4,3,1,0,3,3,3,3,3,3,3,3,3,3,3,3,3,1,3
Parsnip,1,3,3,3,3,3,3,3,3,3,3,1,3,1,3,3,3,3,3,3,3,3,4,3,3,3,1,3,3,3,1,3,3
Parsnip Seeds,1,1,1,1,1,1,1,1,1,1,1,1,1,1,1,1,1,1,1,1,1,1,1,1,1,1,1,1,1,1,1,1,1
Parsnip Soup,3,3,3,3,3,3,3,3,3,3,3,3,3,3,3,3,1,3,3,3,3,3,4,3,0,3,3,3,3,3,3,1,3
Peach,3,3,3,3,3,3,3,3,3,3,3,3,3,3,3,3,3,3,3,3,3,3,3,3,3,4,3,3,3,3,3,3,3
Peach Sapling,1,1,1,1,1,1,1,1,1,1,1,1,1,1,1,1,1,1,1,1,1,1,1,1,1,1,1,1,1,1,1,1,1
Pearl,4,4,4,4,4,4,4,4,4,4,4,4,4,4,4,4,4,4,4,4,4,4,4,4,4,4,4,4,4,4,4,4,4
Pepper Poppers,3,3,3,3,3,3,3,3,3,3,3,3,3,3,3,3,1,3,3,3,3,4,3,3,3,3,3,3,3,4,3,1,3
Pepper Seeds,1,1,1,1,1,1,1,1,1,1,1,1,1,1,1,1,1,1,1,1,1,1,1,1,1,1,1,1,1,1,1,1,1
Perch,1,1,1,1,2,1,2,1,0,1,1,0,1,1,1,1,1,1,1,2,1,1,2,1,0,1,1,1,2,1,1,2,1
Periwinkle,1,1,1,1,2,1,2,1,0,1,1,0,1,1,1,1,1,1,1,2,1,1,2,1,0,1,1,1,2,1,1,2,1
Petrified Slime,1,1,1,1,1,1,1,1,1,1,1,1,1,1,1,1,1,1,1,1,1,1,1,1,1,1,1,1,1,1,1,1,3
Pickles,3,3,3,3,3,3,3,3,3,3,3,4,3,0,3,3,3,3,3,3,3,0,3,3,3,3,0,3,0,0,0,3,3
Pierre's Missing Stocklist,-1,-1,-1,-1,-1,-1,-1,-1,-1,-1,-1,-1,-1,-1,-1,-1,-1,-1,-1,-1,-1,-1,-1,-1,-1,-1,-1,-1,-1,-1,-1,-1,-1
Pike,1,1,1,1,2,1,2,1,0,1,1,0,1,1,1,1,1,1,1,2,1,1,2,1,0,1,1,1,2,1,1,2,1
Pina Colada,-1,-1,-1,-1,-1,-1,-1,-1,-1,-1,-1,-1,-1,-1,-1,-1,-1,-1,-1,-1,-1,-1,-1,-1,-1,-1,-1,-1,-1,-1,-1,-1,-1
Pine Cone,1,1,1,1,1,1,1,1,1,1,1,1,1,1,1,1,1,1,1,1,1,1,1,1,1,1,1,1,1,1,1,1,1
Pine Tar,1,1,1,1,1,1,1,1,1,1,1,1,1,1,1,1,1,1,1,1,1,3,1,1,1,1,1,1,1,1,1,1,1
Pineapple,1,2,2,2,3,2,3,2,2,2,2,1,3,1,3,3,2,3,2,3,2,2,3,2,2,3,2,3,2,3,1,2,2
Pineapple Seeds,1,1,1,1,1,1,1,1,1,1,1,1,1,1,1,1,1,1,1,1,1,1,1,1,1,1,1,1,1,1,1,1,1
Pink Cake,3,3,3,3,3,3,3,3,3,3,3,4,1,4,3,3,1,1,3,3,4,3,3,3,3,3,3,3,3,3,4,1,3
Pirate's Locket,-1,-1,-1,-1,-1,-1,-1,-1,-1,-1,-1,-1,-1,-1,-1,-1,-1,-1,-1,-1,-1,-1,-1,-1,-1,-1,-1,-1,-1,-1,-1,-1,-1
Pizza,3,3,3,3,3,3,1,3,3,3,3,3,1,3,3,3,1,0,3,3,3,3,3,3,3,3,4,3,3,4,3,1,3
Plans: Big Barn,-1,-1,-1,-1,-1,-1,-1,-1,-1,-1,-1,-1,-1,-1,-1,-1,-1,-1,-1,-1,-1,-1,-1,-1,-1,-1,-1,-1,-1,-1,-1,-1,-1
Plans: Big Coop,-1,-1,-1,-1,-1,-1,-1,-1,-1,-1,-1,-1,-1,-1,-1,-1,-1,-1,-1,-1,-1,-1,-1,-1,-1,-1,-1,-1,-1,-1,-1,-1,-1
Plans: Deluxe Coop,-1,-1,-1,-1,-1,-1,-1,-1,-1,-1,-1,-1,-1,-1,-1,-1,-1,-1,-1,-1,-1,-1,-1,-1,-1,-1,-1,-1,-1,-1,-1,-1,-1
Plans: Greenhouse,-1,-1,-1,-1,-1,-1,-1,-1,-1,-1,-1,-1,-1,-1,-1,-1,-1,-1,-1,-1,-1,-1,-1,-1,-1,-1,-1,-1,-1,-1,-1,-1,-1
Plans: Silo,-1,-1,-1,-1,-1,-1,-1,-1,-1,-1,-1,-1,-1,-1,-1,-1,-1,-1,-1,-1,-1,-1,-1,-1,-1,-1,-1,-1,-1,-1,-1,-1,-1
Plum Pudding,3,3,3,3,3,3,3,3,3,3,3,3,3,4,3,3,1,3,3,3,3,3,3,3,3,3,3,3,3,3,3,1,3
Poi,3,3,3,3,3,3,3,3,3,3,3,3,3,3,3,3,1,3,3,3,3,3,3,3,3,3,3,3,3,3,3,1,3
Pomegranate,3,3,3,3,3,3,4,3,3,3,3,3,3,3,3,3,3,3,3,3,3,3,3,3,3,3,3,3,3,3,3,3,3
Pomegranate Sapling,1,1,1,1,1,1,1,1,1,1,1,1,1,1,1,1,1,1,1,1,1,1,1,1,1,1,1,1,1,1,1,1,1
Poppy,0,0,0,0,0,0,0,0,0,0,0,0,0,0,0,0,0,0,0,0,0,0,0,4,0,0,0,0,0,0,0,0,0
Poppy Seeds,1,1,1,1,1,1,1,1,1,1,1,1,1,1,1,1,1,1,1,1,1,1,1,1,1,1,1,1,1,1,1,1,1
Poppyseed Muffin,3,3,3,3,3,3,3,3,3,3,3,3,3,3,3,3,1,4,3,3,3,3,3,4,3,3,3,3,3,3,3,1,3
Potato,1,3,3,3,3,3,3,3,3,3,3,1,3,1,3,3,3,3,3,3,3,3,3,3,3,3,1,3,3,3,1,3,3
Potato Seeds,1,1,1,1,1,1,1,1,1,1,1,1,1,1,1,1,1,1,1,1,1,1,1,1,1,1,1,1,1,1,1,1,1
Prehistoric Handaxe,0,0,0,0,0,3,0,0,0,0,0,0,0,0,0,0,0,0,0,0,0,0,0,3,0,0,0,0,0,0,0,0,0
Prehistoric Rib,0,0,0,0,0,3,0,0,0,0,0,0,0,0,0,0,0,0,0,0,0,0,0,3,0,0,0,0,0,0,0,0,0
Prehistoric Scapula,0,0,0,0,0,3,0,0,0,0,0,0,0,0,0,0,0,0,0,0,0,0,0,3,0,0,0,0,0,0,0,0,0
Prehistoric Skull,0,0,0,0,0,3,0,0,0,0,0,0,0,0,0,0,0,0,0,0,0,0,0,3,0,0,0,0,0,0,0,0,0
Prehistoric Tibia,0,0,0,0,0,3,0,0,0,0,0,0,0,0,0,0,0,0,0,0,0,0,0,3,0,0,0,0,0,0,0,0,0
Prehistoric Tool,0,0,0,0,0,3,0,0,0,0,0,0,0,0,0,0,0,0,0,0,0,0,0,3,0,0,0,0,0,0,0,0,0
Prehistoric Vertebra,0,0,0,0,0,3,0,0,0,0,0,0,0,0,0,0,0,0,0,0,0,0,0,3,0,0,0,0,0,0,0,0,0
Pressure Nozzle,-1,-1,-1,-1,-1,-1,-1,-1,-1,-1,-1,-1,-1,-1,-1,-1,-1,-1,-1,-1,-1,-1,-1,-1,-1,-1,-1,-1,-1,-1,-1,-1,-1
Prismatic Jelly,-1,-1,-1,-1,-1,-1,-1,-1,-1,-1,-1,-1,-1,-1,-1,-1,-1,-1,-1,-1,-1,-1,-1,-1,-1,-1,-1,-1,-1,-1,-1,-1,-1
Prismatic Shard,4,4,4,4,4,4,4,4,4,4,4,0,4,4,4,4,4,4,4,4,4,4,4,4,4,4,4,4,4,4,4,4,4
Pufferfish,4,1,1,1,2,1,2,1,0,1,1,0,1,1,1,1,1,1,1,2,1,1,2,1,0,1,1,1,2,1,1,2,1
Pumpkin,4,3,3,3,3,3,3,3,3,3,3,1,3,1,3,3,4,3,3,3,3,3,3,3,3,3,1,3,3,3,1,4,3
Pumpkin Pie,3,3,3,3,3,3,3,3,3,3,3,3,3,3,3,3,1,3,3,3,4,3,3,3,3,3,3,3,3,3,3,1,3
Pumpkin Seeds,1,1,1,1,1,1,1,1,1,1,1,1,1,1,1,1,1,1,1,1,1,1,1,1,1,1,1,1,1,1,1,1,1
Pumpkin Soup,3,3,3,3,3,3,3,3,3,3,3,3,3,3,3,3,1,3,3,3,3,3,3,3,3,3,3,3,4,3,3,1,3
Purple Mushroom,2,2,1,2,3,1,1,2,2,2,2,1,3,1,1,2,1,3,2,3,2,2,2,1,1,2,1,2,1,1,1,1,4
Purple Slime Egg,0,0,0,0,0,0,0,0,0,0,0,0,0,0,0,0,0,0,0,0,0,0,0,0,0,0,0,0,0,0,0,0,0
Pyrite,1,1,1,1,1,1,1,1,1,1,1,1,1,1,1,1,1,1,1,1,1,1,1,1,1,1,1,1,1,1,1,1,3
Qi Bean,-1,-1,-1,-1,-1,-1,-1,-1,-1,-1,-1,-1,-1,-1,-1,-1,-1,-1,-1,-1,-1,-1,-1,-1,-1,-1,-1,-1,-1,-1,-1,-1,-1
Qi Fruit,-1,-1,-1,-1,-1,-1,-1,-1,-1,-1,-1,-1,-1,-1,-1,-1,-1,-1,-1,-1,-1,-1,-1,-1,-1,-1,-1,-1,-1,-1,-1,-1,-1
Qi Gem,-1,-1,-1,-1,-1,-1,-1,-1,-1,-1,-1,-1,-1,-1,-1,-1,-1,-1,-1,-1,-1,-1,-1,-1,-1,-1,-1,-1,-1,-1,-1,-1,-1
Qi Seasoning,-1,-1,-1,-1,-1,-1,-1,-1,-1,-1,-1,-1,-1,-1,-1,-1,-1,-1,-1,-1,-1,-1,-1,-1,-1,-1,-1,-1,-1,-1,-1,-1,-1
Quality Bobber,-1,-1,-1,-1,-1,-1,-1,-1,-1,-1,-1,-1,-1,-1,-1,-1,-1,-1,-1,-1,-1,-1,-1,-1,-1,-1,-1,-1,-1,-1,-1,-1,-1
Quality Fertilizer,1,1,1,1,1,1,1,1,1,1,1,1,1,1,1,1,1,1,1,1,1,1,1,1,1,1,1,1,1,1,1,1,1
Quality Retaining Soil,1,1,1,1,1,1,1,1,1,1,1,1,1,1,1,1,1,1,1,1,1,1,1,1,1,1,1,1,1,1,1,1,1
Quality Sprinkler,1,1,1,1,1,1,1,1,1,1,1,1,1,1,1,1,1,1,1,1,1,1,1,1,1,1,1,1,1,1,1,1,1
Quartz,3,0,0,1,1,3,0,3,1,0,0,1,3,1,1,1,3,1,0,1,3,3,1,1,1,3,1,3,3,0,1,3,3
Quartz Globe,-1,-1,-1,-1,-1,-1,-1,-1,-1,-1,-1,-1,-1,-1,-1,-1,-1,-1,-1,-1,-1,-1,-1,-1,-1,-1,-1,-1,-1,-1,-1,-1,-1
Rabbit's Foot,4,4,4,4,4,4,4,4,4,4,4,4,4,4,4,4,4,4,4,4,4,4,4,0,4,4,4,4,4,4,4,4,4
Radioactive Bar,0,0,0,0,0,0,0,0,0,0,0,0,0,0,0,0,0,0,0,0,0,4,0,0,0,0,0,0,0,0,0,0,0
Radioactive Carp,-1,-1,-1,-1,-1,-1,-1,-1,-1,-1,-1,-1,-1,-1,-1,-1,-1,-1,-1,-1,-1,-1,-1,-1,-1,-1,-1,-1,-1,-1,-1,-1,-1
Radioactive Ore,0,0,0,0,0,0,0,0,0,0,0,0,0,0,0,0,0,0,0,0,0,3,0,0,0,0,0,0,0,0,0,0,0
Radish,1,3,3,3,3,3,3,3,3,3,3,1,3,1,3,3,3,3,3,3,3,3,3,3,3,3,1,3,3,3,1,3,3
Radish Salad,3,3,3,3,3,3,3,3,3,3,3,3,3,3,3,3,1,3,3,3,3,3,3,3,3,3,3,3,3,3,3,1,3
Radish Seeds,1,1,1,1,1,1,1,1,1,1,1,1,1,1,1,1,1,1,1,1,1,1,1,1,1,1,1,1,1,1,1,1,1
Rain Totem,0,0,0,0,0,0,0,0,0,0,0,0,0,0,0,0,0,0,0,0,0,0,0,0,0,0,0,0,0,0,0,0,0
Rainbow Shell,2,2,2,2,2,2,2,2,2,2,2,2,2,2,2,2,2,2,2,2,2,2,2,2,2,2,2,2,2,2,2,2,2
Rainbow Trout,1,1,1,1,2,1,2,1,0,1,1,0,1,1,1,1,1,1,1,2,1,1,2,1,0,1,1,1,2,1,1,2,1
Rare Disc,0,0,0,0,0,3,0,0,0,0,0,0,0,0,0,0,0,0,0,0,0,0,0,3,0,0,0,0,0,0,0,0,0
Rare Seed,1,1,1,1,1,1,1,1,1,1,1,1,1,1,1,1,1,1,1,1,1,1,1,1,1,1,1,1,1,1,1,1,1
Red Cabbage,1,3,3,3,3,3,3,3,3,3,3,1,3,1,3,3,3,3,3,3,3,3,3,3,3,3,1,3,3,3,1,3,3
Red Cabbage Seeds,1,1,1,1,1,1,1,1,1,1,1,1,1,1,1,1,1,1,1,1,1,1,1,1,1,1,1,1,1,1,1,1,1
Red Mullet,1,1,1,1,2,1,2,1,0,1,1,0,1,1,1,1,1,1,1,2,1,1,2,1,0,1,1,1,2,1,1,2,1
Red Mushroom,0,0,0,0,0,0,0,0,0,0,0,0,0,0,0,0,0,0,0,0,0,0,0,1,0,0,0,0,0,0,0,0,0
Red Plate,3,3,3,3,3,3,3,3,3,3,3,3,3,3,3,3,1,3,3,3,3,3,3,4,3,3,3,3,3,3,3,1,3
Red Slime Egg,0,0,0,0,0,0,0,0,0,0,0,0,0,0,0,0,0,0,0,0,0,0,0,0,0,0,0,0,0,0,0,0,0
Red Snapper,1,1,1,1,2,1,2,1,0,1,1,0,1,1,1,1,1,1,1,2,1,1,2,1,0,1,1,1,2,1,1,2,1
Refined Quartz,1,1,1,2,1,1,1,1,1,1,1,1,1,1,1,1,1,1,1,1,1,1,1,1,1,1,0,1,1,1,1,1,1
Rhubarb,1,2,2,2,3,2,3,2,2,2,2,1,3,1,3,3,2,3,2,3,2,2,3,2,2,3,2,3,2,3,1,2,2
Rhubarb Pie,3,3,3,3,3,3,3,3,3,3,3,3,1,3,4,3,1,3,3,3,3,4,3,3,3,3,3,3,3,3,3,1,3
Rhubarb Seeds,1,1,1,1,1,1,1,1,1,1,1,1,1,1,1,1,1,1,1,1,1,1,1,1,1,1,1,1,1,1,1,1,1
Rice,1,1,1,1,1,1,1,1,1,1,1,1,1,1,1,1,1,1,1,1,1,1,1,1,1,1,1,1,1,1,1,1,1
Rice Pudding,3,3,3,3,4,3,3,1,3,3,3,3,1,3,3,3,1,1,3,3,3,3,3,3,3,3,3,3,3,3,3,1,3
Rice Shoot,1,1,1,1,1,1,1,1,1,1,1,1,1,1,1,1,1,1,1,1,1,1,1,1,1,1,1,1,1,1,1,1,1
Roasted Hazelnuts,3,3,3,3,3,3,3,3,3,3,3,3,3,3,3,4,1,3,3,3,3,3,3,3,3,3,3,3,3,3,3,1,3
Roe,2,2,2,2,2,2,2,2,2,2,2,2,2,2,2,2,2,2,2,2,2,2,2,2,2,2,2,2,2,2,2,2,2
Roots Platter,3,3,3,3,3,3,3,3,3,3,3,3,3,3,3,3,1,3,3,3,3,3,3,4,3,3,3,3,3,3,3,1,3
Rotten Plant,0,0,0,0,0,0,0,0,0,0,0,0,0,0,0,0,0,0,0,0,0,0,0,0,0,0,0,0,0,0,0,0,0
Ruby,3,3,3,4,3,4,3,4,3,3,3,3,3,3,3,3,3,1,3,1,3,3,3,3,1,3,3,3,3,3,3,3,3
Rustic Plank Floor,1,1,1,1,1,1,1,1,1,1,1,1,1,1,1,1,1,1,1,1,1,1,1,1,1,1,1,1,1,1,1,1,1
Rusty Cog,0,0,0,0,0,3,0,0,0,0,0,0,0,0,0,0,0,0,0,0,0,0,0,3,0,0,0,0,0,0,0,0,0
Rusty Spoon,0,0,0,0,0,3,0,0,0,0,0,0,0,0,0,0,0,0,0,0,0,0,0,3,0,0,0,0,0,0,0,0,0
Rusty Spur,0,0,0,0,0,3,0,0,0,0,0,0,0,0,0,0,0,0,0,0,0,0,0,3,0,0,0,0,0,0,0,0,0
Salad,3,3,3,3,3,3,3,3,3,3,3,3,3,3,3,3,1,4,3,3,3,3,3,3,3,3,3,3,3,3,3,1,3
Salmon,1,1,1,1,2,1,2,1,0,1,1,0,1,1,1,1,1,1,1,2,1,1,2,1,0,1,1,1,2,1,1,2,1
Salmon Dinner,3,4,3,3,3,3,3,0,3,3,3,3,3,3,3,3,1,3,3,3,3,3,3,3,3,3,3,3,3,3,3,3,3
Salmonberry,1,1,0,1,3,1,0,1,0,1,1,1,0,1,3,3,1,3,1,3,1,1,3,1,1,3,1,3,1,3,1,1,1
Sandfish,1,1,1,1,2,1,2,1,0,1,1,0,1,1,1,1,1,1,1,2,1,1,2,4,0,1,1,1,2,1,1,2,1
Sandstone,1,1,1,1,1,1,1,1,1,1,1,1,1,1,1,1,1,1,1,1,1,1,1,1,1,1,1,1,1,1,1,1,3
Sap,0,0,0,0,0,0,0,0,0,0,0,0,0,0,0,0,0,0,0,0,0,0,0,0,0,0,0,0,0,0,0,0,0
Sardine,1,1,1,1,2,1,2,1,0,1,1,0,1,1,1,1,1,1,1,2,1,1,2,1,0,1,1,1,2,1,1,2,1
Sashimi,3,3,3,3,3,3,3,0,0,3,3,3,3,3,3,0,1,3,3,3,3,3,3,3,3,3,3,3,4,3,3,2,3
Scorpion Carp,1,1,1,1,2,1,2,1,0,1,1,0,1,1,1,1,1,1,1,2,1,1,2,1,0,1,1,1,2,1,1,2,1
Sea Cucumber,1,1,1,1,2,1,0,1,0,1,1,0,1,1,1,1,1,1,1,2,1,1,2,1,0,1,1,1,2,1,1,4,1
Sea Urchin,0,0,0,0,0,0,0,0,0,0,0,0,0,0,0,0,0,0,0,0,0,0,0,0,0,0,0,0,0,0,0,0,0
Seafoam Pudding,0,0,0,0,0,0,0,0,0,0,0,0,0,0,0,0,3,0,0,0,0,0,0,0,0,0,0,0,0,0,0,3,0
Seaweed,0,0,0,0,0,0,0,0,0,0,0,0,0,0,0,0,0,1,0,0,1,0,0,0,0,0,1,0,0,1,0,0,0
Secret Note,0,0,0,0,0,0,0,0,0,0,0,0,0,0,0,0,0,0,0,0,0,0,0,0,0,0,0,0,0,0,0,0,0
Shad,1,1,1,1,2,1,2,1,0,1,1,0,1,1,1,1,1,1,1,2,1,1,2,1,0,1,1,1,2,1,1,2,1
Shrimp,1,1,1,1,2,1,2,1,0,1,1,0,1,1,1,1,1,1,1,2,1,1,2,1,0,1,1,1,2,1,1,2,1
Shrimp Cocktail,3,3,3,3,3,3,3,3,3,3,3,3,3,3,3,3,1,3,3,3,3,3,3,3,3,3,3,3,3,3,3,1,3
Skeletal Hand,0,0,0,0,0,3,0,0,0,0,0,0,0,0,0,0,0,0,0,0,0,0,0,3,0,0,0,0,0,0,0,0,0
Skeletal Tail,0,0,0,0,0,3,0,0,0,0,0,0,0,0,0,0,0,0,0,0,0,0,0,3,0,0,0,0,0,0,0,0,0
Slate,1,1,1,1,1,1,1,1,1,1,1,1,1,1,1,1,1,1,1,1,1,1,1,1,1,1,1,1,1,1,1,1,3
Slime,0,0,0,0,0,0,0,0,0,0,0,0,0,0,0,0,0,0,0,0,0,0,0,0,0,0,0,0,0,0,0,0,1
Slimejack,1,1,1,1,2,1,2,1,0,1,1,0,1,1,1,1,1,1,1,2,1,1,2,1,0,1,1,1,2,1,1,2,1
Smallmouth Bass,1,1,1,1,2,1,2,1,0,1,1,0,1,1,1,1,1,1,1,2,1,1,2,1,0,1,1,1,2,1,1,2,1
Snail,0,0,0,0,0,0,0,0,0,0,0,0,0,0,0,0,0,0,0,0,0,0,0,0,0,0,0,0,0,0,4,0,0
Snake Skull,0,0,0,0,0,0,0,0,0,0,0,0,0,0,0,0,0,0,0,0,0,0,0,0,0,0,0,0,0,0,0,0,0
Snake Vertebrae,0,0,0,0,0,0,0,0,0,0,0,0,0,0,0,0,0,0,0,0,0,0,0,0,0,0,0,0,0,0,0,0,0
Snow Yam,2,2,1,2,2,1,1,2,2,2,2,1,3,1,1,1,1,3,2,3,2,0,2,2,1,2,1,2,1,1,1,1,1
Soapstone,1,1,1,1,1,1,1,1,1,1,1,1,1,1,1,1,1,1,1,1,1,1,1,1,1,1,1,1,1,1,1,1,3
Soggy Newspaper,0,0,0,0,0,0,0,0,0,0,0,0,0,0,0,0,0,0,0,0,0,0,0,0,0,0,0,0,0,0,0,0,0
Solar Essence,1,1,1,1,1,2,1,1,1,1,1,1,1,1,1,1,1,1,1,1,1,1,1,1,1,1,1,1,1,1,1,1,4
Son of Crimsonfish,-1,-1,-1,-1,-1,-1,-1,-1,-1,-1,-1,-1,-1,-1,-1,-1,-1,-1,-1,-1,-1,-1,-1,-1,-1,-1,-1,-1,-1,-1,-1,-1,-1
Spaghetti,3,3,3,3,3,3,3,3,3,3,3,3,3,3,3,3,1,3,3,3,3,3,3,3,3,4,3,3,3,3,3,1,3
Spangle Seeds,1,1,1,1,1,1,1,1,1,1,1,1,1,1,1,1,1,1,1,1,1,1,1,1,1,1,1,1,1,1,1,1,1
Specific Bobber,-1,-1,-1,-1,-1,-1,-1,-1,-1,-1,-1,-1,-1,-1,-1,-1,-1,-1,-1,-1,-1,-1,-1,-1,-1,-1,-1,-1,-1,-1,-1,-1,-1
Speed Bobber,-1,-1,-1,-1,-1,-1,-1,-1,-1,-1,-1,-1,-1,-1,-1,-1,-1,-1,-1,-1,-1,-1,-1,-1,-1,-1,-1,-1,-1,-1,-1,-1,-1
Speed-Gro,1,1,1,1,1,1,1,1,1,1,1,1,1,1,1,1,1,1,1,1,1,1,1,1,1,1,1,1,1,1,1,1,1
Spice Berry,1,2,2,2,3,2,3,2,0,2,2,1,0,1,0,3,2,3,2,3,2,2,3,2,2,3,2,3,2,3,1,2,2
Spicy Eel,4,3,3,3,3,3,3,1,0,3,3,3,3,3,3,3,1,3,3,3,3,3,3,3,3,3,3,3,3,3,3,1,3
Spinner,1,1,1,1,1,1,1,1,1,1,1,1,1,1,1,1,1,1,1,1,1,1,1,1,1,1,1,1,1,1,1,1,1
Spook Fish,1,1,1,1,2,1,2,1,0,1,1,0,1,1,1,1,1,1,1,2,1,1,2,1,0,1,1,1,2,1,1,2,1
Spring Onion,1,1,1,1,1,1,1,1,1,1,1,1,3,1,1,1,1,3,1,3,1,1,1,1,1,1,1,1,1,1,1,1,1
Spring Seeds,1,1,1,1,1,1,1,1,1,1,1,1,1,1,1,1,1,1,1,1,1,1,1,1,1,1,1,1,1,1,1,1,1
Sprinkler,1,1,1,1,1,1,1,1,1,1,1,1,1,1,1,1,1,1,1,1,1,1,1,1,1,1,1,1,1,1,1,1,1
Squid,1,1,1,1,2,1,3,1,0,1,1,0,1,1,1,1,1,1,1,2,1,1,0,1,0,1,1,1,2,1,1,2,1
Squid Ink,2,2,2,2,2,2,2,2,2,2,2,2,2,2,2,2,2,2,2,2,2,2,2,2,2,2,2,2,2,2,2,2,2
Squid Ink Ravioli,3,3,3,3,3,3,3,3,3,3,3,3,3,3,3,3,3,3,3,3,3,3,3,3,3,3,3,3,3,3,3,3,3
Star Shards,1,1,1,1,1,1,1,1,1,1,1,1,1,1,1,1,1,1,1,1,1,1,1,1,1,1,1,1,1,1,1,1,3
Stardew Valley Rose,-1,-1,-1,-1,-1,-1,-1,-1,-1,-1,-1,-1,-1,-1,-1,-1,-1,-1,-1,-1,-1,-1,-1,-1,-1,-1,-1,-1,-1,-1,-1,-1,-1
Stardrop,0,0,0,0,0,0,0,0,0,0,0,0,0,0,0,0,0,0,0,0,0,0,0,0,0,0,0,0,0,0,0,0,0
Starfruit,1,2,2,2,3,2,3,2,2,2,2,1,3,1,3,3,2,3,2,3,2,2,3,2,2,3,2,3,2,3,1,2,2
Starfruit Seeds,1,1,1,1,1,1,1,1,1,1,1,1,1,1,1,1,1,1,1,1,1,1,1,1,1,1,1,1,1,1,1,1,1
Stepping Stone Path,1,1,1,1,1,1,1,1,1,1,1,1,1,1,1,1,1,1,1,1,1,1,1,1,1,1,1,1,1,1,1,1,1
Stingray,1,1,1,1,2,1,2,1,0,1,1,0,1,1,1,1,1,1,1,2,1,1,2,1,0,1,1,1,2,1,1,2,1
Stir Fry,3,3,3,3,3,3,3,3,3,3,3,3,3,3,3,3,1,4,3,3,3,3,3,3,3,3,3,3,3,3,3,1,3
Stone,1,1,1,1,1,1,1,1,1,1,1,1,1,1,1,1,1,1,1,1,1,1,1,1,1,1,1,1,1,1,1,1,1
Stone Fence,1,1,1,1,1,1,1,1,1,1,1,1,1,1,1,1,1,1,1,1,1,1,1,1,1,1,1,1,1,1,1,1,1
Stone Floor,1,1,1,1,1,1,1,1,1,1,1,1,1,1,1,1,1,1,1,1,1,1,1,1,1,1,1,1,1,1,1,1,1
Stone Walkway Floor,1,1,1,1,1,1,1,1,1,1,1,1,1,1,1,1,1,1,1,1,1,1,1,1,1,1,1,1,1,1,1,1,1
Stonefish,1,1,1,1,2,1,2,1,0,1,1,0,1,1,1,1,1,1,1,2,1,1,2,1,0,1,1,1,2,1,1,2,1
Strange Bun,0,0,0,0,0,0,0,0,0,0,0,0,0,0,0,0,0,0,0,0,0,0,0,0,0,0,0,0,0,0,0,0,0
Strange Doll,0,0,0,0,0,3,0,0,0,0,0,0,0,0,0,0,0,0,0,0,0,0,0,3,0,0,0,0,0,0,0,0,0
Straw Floor,1,1,1,1,1,1,1,1,1,1,1,1,1,1,1,1,1,1,1,1,1,1,1,1,1,1,1,1,1,1,1,1,1
Strawberry,1,2,2,2,4,2,3,2,2,2,2,1,3,1,3,3,2,3,2,3,2,4,3,2,2,3,2,3,2,3,1,2,2
Strawberry Seeds,1,1,1,1,1,1,1,1,1,1,1,1,1,1,1,1,1,1,1,1,1,1,1,1,1,1,1,1,1,1,1,1,1
Stuffing,3,3,3,3,3,3,3,3,4,3,3,3,3,3,3,3,1,3,3,3,3,3,3,3,3,3,3,3,3,3,3,1,3
Sturgeon,1,1,1,1,2,1,2,1,0,1,1,0,1,1,1,1,1,1,1,2,1,1,2,1,0,1,1,1,2,1,1,4,1
Sugar,1,0,0,0,0,0,0,0,0,0,0,0,0,0,0,0,0,0,0,0,0,0,0,0,0,0,0,0,0,0,0,0,0
Summer Seeds,1,1,1,1,1,1,1,1,1,1,1,1,1,1,1,1,1,1,1,1,1,1,1,1,1,1,1,1,1,1,1,1,1
Summer Spangle,3,3,4,1,3,3,3,3,3,1,3,3,3,3,3,3,3,3,3,3,3,3,3,3,3,3,3,3,1,3,3,3,3
Sunfish,1,1,1,1,2,1,2,1,0,1,1,0,1,1,1,1,1,1,1,2,1,1,2,1,0,1,1,1,2,1,1,2,1
Sunflower,3,3,3,1,3,3,3,3,3,1,3,4,3,3,3,3,3,3,3,3,3,3,3,3,3,3,3,3,1,3,3,3,3
Sunflower Seeds,1,1,1,1,1,1,1,1,1,1,1,1,1,1,1,1,1,1,1,1,1,1,1,1,1,1,1,1,1,1,1,1,1
Super Cucumber,1,1,1,1,2,1,2,1,0,1,1,0,1,1,1,1,1,1,1,2,1,1,2,1,0,1,1,1,2,1,1,2,4
Super Meal,3,3,3,3,3,3,3,3,3,3,3,3,4,3,3,3,1,3,3,3,3,3,3,3,3,3,3,3,3,3,3,1,3
Survival Burger,3,3,3,3,3,3,3,4,3,3,3,3,3,3,3,3,1,1,3,3,3,3,3,3,3,3,3,3,3,3,3,1,3
Sweet Gem Berry,2,2,2,2,2,2,2,2,2,2,2,2,2,2,2,2,2,2,2,2,2,2,2,2,2,2,2,2,2,2,2,2,2
Sweet Pea,3,3,3,1,3,3,3,3,3,1,3,3,3,3,3,3,3,3,3,3,3,3,3,3,3,3,3,4,1,3,3,3,3
Taro Root,-1,-1,-1,-1,-1,-1,-1,-1,-1,-1,-1,-1,-1,-1,-1,-1,-1,-1,-1,-1,-1,-1,-1,-1,-1,-1,-1,-1,-1,-1,-1,-1,-1
Taro Tuber,1,1,1,1,1,1,1,1,1,1,1,1,1,1,1,1,1,1,1,1,1,1,1,1,1,1,1,1,1,1,1,1,1
Tea Leaves,2,2,2,2,2,2,2,2,2,2,2,2,2,2,2,2,2,2,2,2,2,2,2,2,2,2,2,2,2,2,2,2,2
Tea Sapling,1,1,1,1,1,1,1,1,1,1,1,1,1,1,1,1,1,1,1,1,1,1,1,1,1,1,1,1,1,1,1,1,1
Tea Set,1,1,1,1,1,1,1,1,1,1,1,1,1,1,1,1,1,1,1,1,1,1,1,1,1,1,1,1,1,1,1,1,1
Thunder Egg,1,1,1,1,1,1,1,1,1,1,1,1,1,1,1,1,1,1,1,1,1,1,1,1,1,1,1,1,1,1,1,1,3
Tiger Slime Egg,0,0,0,0,0,0,0,0,0,0,0,0,0,0,0,0,0,0,0,0,0,0,0,0,0,0,0,0,0,0,0,0,0
Tiger Trout,1,1,1,1,2,1,2,1,0,1,1,0,1,1,1,1,1,1,1,2,1,1,2,1,0,1,1,1,2,1,1,4,1
Tigerseye,1,1,1,1,1,1,1,1,1,1,1,1,1,1,1,1,1,1,1,1,1,1,1,1,1,1,4,1,1,1,1,1,3
Tilapia,1,1,1,1,2,1,2,1,0,1,1,0,1,1,1,1,1,1,1,2,1,1,2,1,0,1,1,1,2,1,1,2,1
Tom Kha Soup,3,3,3,3,3,3,4,3,3,3,3,3,3,3,3,3,1,3,3,3,3,3,3,4,3,3,3,3,3,3,3,1,3
Tomato,1,3,3,3,3,3,3,3,3,3,3,1,3,1,3,3,3,3,3,3,3,3,3,3,3,3,1,3,3,3,1,3,3
Tomato Seeds,1,1,1,1,1,1,1,1,1,1,1,1,1,1,1,1,1,1,1,1,1,1,1,1,1,1,1,1,1,1,1,1,1
Topaz,3,3,3,4,3,4,3,4,3,3,3,3,3,3,3,3,3,1,3,1,3,3,3,3,1,3,3,3,3,3,3,3,3
Torch,0,0,0,0,0,0,0,0,0,0,0,0,0,0,0,0,0,0,0,0,0,0,0,0,0,0,0,0,0,0,0,0,0
Tortilla,3,3,3,3,3,3,3,3,3,3,3,3,3,3,3,0,1,1,3,3,3,3,3,3,0,3,3,3,3,3,3,1,3
Trap Bobber,1,1,1,1,1,1,1,1,1,1,1,1,1,1,1,1,1,1,1,1,1,1,1,1,1,1,1,1,1,1,1,1,1
Trash,0,0,0,0,0,0,0,0,0,0,0,0,0,0,0,0,0,0,0,0,0,0,0,0,0,0,0,0,0,0,0,0,0
Treasure Chest,0,0,0,0,0,0,0,0,0,0,0,0,0,0,0,0,0,0,0,0,0,0,0,0,0,0,0,0,0,0,0,0,0
Treasure Hunter,1,1,1,1,1,1,1,1,1,1,1,1,1,1,1,1,1,1,1,1,1,1,1,1,1,1,1,1,1,1,1,1,1
Tree Fertilizer,1,1,1,1,1,1,1,1,1,1,1,1,1,1,1,1,1,1,1,1,1,1,1,1,1,1,1,1,1,1,1,1,1
Trilobite,0,0,0,0,0,3,0,0,0,0,0,0,0,0,0,0,0,0,0,0,0,0,0,3,0,0,0,0,0,0,0,0,0
Triple Shot Espresso,3,3,3,3,3,3,3,3,3,3,3,3,3,0,3,3,1,3,3,3,3,3,3,3,3,3,3,3,3,3,0,1,3
Tropical Curry,3,3,4,3,3,3,3,3,3,3,4,3,3,3,3,3,1,3,3,3,3,3,3,3,3,3,3,3,3,3,3,1,3
Trout Soup,3,3,3,3,3,3,3,3,0,3,3,3,3,3,3,3,1,3,3,3,3,3,3,3,3,3,3,3,3,3,3,3,3
Truffle,2,2,2,2,2,2,2,2,2,2,2,2,2,2,2,2,2,2,2,2,2,2,2,2,2,2,2,2,2,2,2,2,2
Truffle Oil,3,3,3,3,3,3,3,3,3,3,3,4,3,0,3,3,3,3,3,3,3,3,3,3,3,3,3,3,0,3,0,3,3
Tulip,3,3,3,1,3,3,3,3,4,1,3,3,3,3,3,3,3,3,3,3,3,3,3,3,3,3,3,3,1,3,3,3,3
Tulip Bulb,1,1,1,1,1,1,1,1,1,1,1,1,1,1,1,1,1,1,1,1,1,1,1,1,1,1,1,1,1,1,1,1,1
Tuna,1,1,1,1,2,1,2,1,0,1,1,0,1,1,1,1,1,1,1,2,1,1,2,1,0,1,1,1,2,1,1,2,1
Unmilled Rice,1,1,1,1,1,1,1,1,1,1,1,1,1,1,1,1,1,1,1,1,1,1,1,1,1,1,1,1,1,1,1,1,1
Vegetable Medley,3,3,3,3,3,3,3,3,3,3,3,3,3,3,4,3,1,4,4,3,3,3,3,3,3,3,3,3,3,3,3,1,3
Vinegar,1,1,1,1,1,1,1,1,1,1,1,1,1,1,1,1,1,1,1,1,1,1,1,1,1,1,1,1,1,1,1,1,1
Void Egg,1,1,1,1,1,1,1,1,1,1,1,1,1,1,1,1,4,0,1,1,1,1,1,1,1,1,1,1,4,1,1,1,1
Void Essence,1,1,1,1,1,2,1,1,1,1,1,1,1,1,1,1,1,1,1,1,1,1,1,1,1,1,1,1,1,1,1,1,4
Void Ghost Pendant,-1,-1,-1,-1,-1,-1,-1,-1,-1,-1,-1,-1,-1,-1,-1,-1,-1,-1,-1,-1,-1,-1,-1,-1,-1,-1,-1,-1,-1,-1,-1,-1,-1
Void Mayonnaise,0,0,0,0,0,0,0,0,0,0,0,0,0,0,0,0,4,0,0,0,0,0,0,0,0,0,0,0,0,0,0,0,0
Void Salmon,1,1,1,1,2,1,2,1,0,1,1,0,1,1,1,1,1,1,1,2,1,1,2,1,0,1,1,1,2,1,1,2,1
Walleye,1,1,1,1,2,1,2,1,0,1,1,0,1,1,1,1,1,1,1,2,1,1,2,1,0,1,1,1,2,1,1,2,1
War Memento,-1,-1,-1,-1,-1,-1,-1,-1,-1,-1,-1,-1,-1,-1,-1,-1,-1,-1,-1,-1,-1,-1,-1,-1,-1,-1,-1,-1,-1,-1,-1,-1,-1
Warp Totem Mountains,0,0,0,0,0,0,0,0,0,0,0,0,0,0,0,0,0,0,0,0,0,0,0,0,0,0,0,0,0,0,0,0,0
Warp Totem: Beach,0,0,0,0,0,0,0,0,0,0,0,0,0,0,0,0,0,0,0,0,0,0,0,0,0,0,0,0,0,0,0,0,0
Warp Totem: Desert,0,0,0,0,0,0,0,0,0,0,0,0,0,0,0,0,0,0,0,0,0,0,0,0,0,0,0,0,0,0,0,0,0
Warp Totem: Farm,0,0,0,0,0,0,0,0,0,0,0,0,0,0,0,0,0,0,0,0,0,0,0,0,0,0,0,0,0,0,0,0,0
Warp Totem: Island,0,0,0,0,0,0,0,0,0,0,0,0,0,0,0,0,0,0,0,0,0,0,0,0,0,0,0,0,0,0,0,0,0
Warp Totem: Mountains,0,0,0,0,0,0,0,0,0,0,0,0,0,0,0,0,0,0,0,0,0,0,0,0,0,0,0,0,0,0,0,0,0
Weathered Floor,1,1,1,1,1,1,1,1,1,1,1,1,1,1,1,1,1,1,1,1,1,1,1,1,1,1,1,1,1,1,1,1,1
Wedding Ring,-1,-1,-1,-1,-1,-1,-1,-1,-1,-1,-1,-1,-1,-1,-1,-1,-1,-1,-1,-1,-1,-1,-1,-1,-1,-1,-1,-1,-1,-1,-1,-1,-1
Wheat,2,2,2,2,2,2,2,2,2,2,2,2,2,2,2,2,2,2,2,2,2,2,2,2,2,2,2,2,2,2,2,2,2
Wheat Flour,1,1,1,1,1,1,1,1,1,1,1,1,1,1,1,1,1,1,1,1,1,1,1,1,1,1,1,1,1,1,1,1,1
Wheat Seeds,1,1,1,1,1,1,1,1,1,1,1,1,1,1,1,1,1,1,1,1,1,1,1,1,1,1,1,1,1,1,1,1,1
White Algae,0,0,0,0,0,0,0,0,0,0,0,0,0,0,0,0,0,0,0,0,0,0,0,0,0,0,0,0,0,0,0,0,0
Wild Bait,0,0,0,0,0,0,0,0,0,0,0,0,0,0,0,0,0,0,0,0,0,0,0,0,0,0,0,0,0,0,0,0,0
Wild Horseradish,1,1,1,1,2,1,1,2,1,1,1,0,3,0,1,2,4,3,1,3,1,2,1,2,1,1,1,2,1,1,0,1,1
Wild Plum,1,2,2,2,3,2,3,2,2,2,2,1,3,1,3,3,2,3,2,3,2,2,3,2,2,3,2,3,2,3,1,2,2
Wilted Bouquet,-1,-1,-1,-1,-1,-1,-1,-1,-1,-1,-1,-1,-1,-1,-1,-1,-1,-1,-1,-1,-1,-1,-1,-1,-1,-1,-1,-1,-1,-1,-1,-1,-1
Wine,3,3,3,3,3,3,3,3,3,3,3,3,4,0,3,3,3,4,3,3,3,3,3,0,3,3,3,3,0,3,0,3,3
Winter Root,2,2,1,2,2,1,1,2,2,2,2,1,3,1,1,2,1,3,2,3,2,2,2,2,1,2,1,2,1,1,1,1,1
Winter Seeds,1,1,1,1,1,1,1,1,1,1,1,1,1,1,1,1,1,1,1,1,1,1,1,1,1,1,1,1,1,1,1,1,1
Wood,1,1,1,1,1,1,1,1,1,1,1,1,1,1,1,1,1,1,1,1,1,1,1,1,1,1,1,1,1,1,1,1,1
Wood Fence,1,1,1,1,1,1,1,1,1,1,1,1,1,1,1,1,1,1,1,1,1,1,1,1,1,1,1,1,1,1,1,1,1
Wood Floor,1,1,1,1,1,1,1,1,1,1,1,1,1,1,1,1,1,1,1,1,1,1,1,1,1,1,1,1,1,1,1,1,1
Wood Path,1,1,1,1,1,1,1,1,1,1,1,1,1,1,1,1,1,1,1,1,1,1,1,1,1,1,1,1,1,1,1,1,1
Woodskip,1,1,1,1,2,1,2,1,0,1,1,0,1,1,1,1,1,1,1,2,1,1,2,1,0,1,1,1,2,1,1,2,1
Wool,2,2,2,2,2,2,2,2,2,2,2,2,2,2,2,2,2,2,2,2,2,2,2,2,2,2,2,2,2,2,2,2,2
Wriggling Worm,-1,-1,-1,-1,-1,-1,-1,-1,-1,-1,-1,-1,-1,-1,-1,-1,-1,-1,-1,-1,-1,-1,-1,-1,-1,-1,-1,-1,-1,-1,-1,-1,-1
Yam,1,3,3,3,3,3,3,3,3,3,3,1,3,1,3,3,3,3,3,4,3,3,3,3,3,3,1,3,3,3,1,3,3
Yam Seeds,1,1,1,1,1,1,1,1,1,1,1,1,1,1,1,1,1,1,1,1,1,1,1,1,1,1,1,1,1,1,1,1,1